season,era,team_a,team_b,is_real,salary_similarity,salary_magnitude,roster_slot_distance,record_gap,disposition_pair,value_moving,value_gap,complete
2016-17,2017,ATL,BKN,0,0.8124931260621528,18.375837895371912,4,,2.0,2.8611373251472694,2.8611373251472694,1
2016-17,2017,ATL,DEN,0,0.8572255550638138,18.375837895371912,2,,1.0,-2.756330481450953,2.756330481450953,1
2016-17,2017,ATL,DET,0,0.877549587520882,18.50645970933469,1,,1.0,-1.5623704198347321,1.5623704198347321,1
2016-17,2017,ATL,LAL,0,0.9959358894878712,18.375837895371912,0,,2.0,-0.6204031324405341,0.6204031324405341,1
2016-17,2017,ATL,MIA,0,0.9390715951600302,18.438701451238334,1,,1.0,-0.05828151544551732,0.05828151544551732,1
2016-17,2017,ATL,NOP,0,0.9560220986962313,18.420812145318827,1,,1.0,-4.2701618589902175,4.2701618589902175,1
2016-17,2017,ATL,NYK,0,0.9251368192715007,18.45365153427072,2,,1.0,-0.5734040138145183,0.5734040138145183,1
2016-17,2017,ATL,ORL,0,0.9194174613230495,18.459852898234377,4,,2.0,-1.3962286711392569,1.3962286711392569,1
2016-17,2017,ATL,PHI,1,0.8960359702578174,18.375837895371912,9,,2.0,3.9748013568730043,3.9748013568730043,1
2016-17,2017,ATL,PHX,0,0.8761194347668371,18.375837895371912,1,,2.0,2.404004664827007,2.404004664827007,1
2016-17,2017,ATL,POR,0,0.8546742313553911,18.53287279246101,4,,1.0,-2.4864749785436744,2.4864749785436744,1
2016-17,2017,ATL,SAC,0,0.9929056045858689,18.375837895371912,1,,1.0,-4.643357391550447,4.643357391550447,1
2016-17,2017,BKN,BOS,0,0.8314006025321315,18.35283359801402,4,,-2.0,-4.182711633203666,4.182711633203666,1
2016-17,2017,BOS,DEN,0,0.8771739970775787,18.35283359801402,2,,1.0,-7.238584208117404,7.238584208117404,0
2016-17,2017,BOS,DET,0,0.8575926039358847,18.50645970933469,1,,1.0,-10.466120205535354,10.466120205535354,1
2016-17,2017,BOS,LAL,0,0.9812461767999249,18.371765503961278,0,,2.0,1.080627464841854,1.080627464841854,1
2016-17,2017,BOS,MIA,0,0.9177154955432665,18.438701451238334,1,,1.0,-1.067338160932067,1.067338160932067,1
2016-17,2017,BOS,NOP,0,0.934280515540258,18.420812145318827,1,,1.0,-7.949947339919771,7.949947339919771,1
2016-17,2017,BOS,NYK,0,0.9040976203719416,18.45365153427072,2,,1.0,-7.327873966090541,7.327873966090541,1
2016-17,2017,BOS,ORL,0,0.8985083304382409,18.459852898234377,4,,2.0,-3.584308586908549,3.584308586908549,1
2016-17,2017,BOS,PHI,0,0.9168875670042597,18.35283359801402,9,,2.0,2.8513763124658644,2.8513763124658644,1
2016-17,2017,BOS,PHX,0,0.8965075550676578,18.35283359801402,1,,2.0,-5.003642478390088,5.003642478390088,0
2016-17,2017,BOS,POR,0,0.8352374726260461,18.53287279246101,4,,1.0,-0.7854443812612862,0.7854443812612862,1
2016-17,2017,BOS,SAC,0,0.9842408778681544,18.368718215151095,1,,1.0,0.6357607520623155,0.6357607520623155,0
2016-17,2017,BKN,CHA,0,0.8637151471511764,18.314702326321317,6,,-1.0,0.4021454398167048,0.4021454398167048,1
2016-17,2017,CHA,DEN,0,0.9112676436071816,18.314702326321317,4,,0.0,-2.7177826461133305,2.7177826461133305,1
2016-17,2017,CHA,DET,0,0.8255071246476554,18.50645970933469,1,,0.0,-3.3760315616735395,3.3760315616735395,1
2016-17,2017,CHA,LAL,0,0.9445343934451306,18.371765503961278,2,,1.0,0.35732301775217257,0.35732301775217257,1
2016-17,2017,CHA,MIA,0,0.883380612768389,18.438701451238334,3,,0.0,-0.030711585172606748,0.030711585172606748,1
2016-17,2017,CHA,NOP,0,0.8993258785795546,18.420812145318827,1,,0.0,-3.3650902668994003,3.3650902668994003,1
2016-17,2017,CHA,NYK,0,0.8702722289916422,18.45365153427072,0,,0.0,-2.743016893070171,2.743016893070171,1
2016-17,2017,CHA,ORL,0,0.8648920535554088,18.459852898234377,2,,1.0,-2.4678608601268266,2.4678608601268266,1
2016-17,2017,CHA,PHI,0,0.9525247846155633,18.314702326321317,11,,1.0,0.050210038894016096,0.050210038894016096,1
2016-17,2017,CHA,PHX,0,0.9313526505623112,18.314702326321317,1,,1.0,0.5689577274224301,0.5689577274224301,1
2016-17,2017,CHA,POR,0,0.803988375437354,18.53287279246101,2,,0.0,-1.5087488283509676,1.5087488283509676,1
2016-17,2017,CHA,SAC,0,0.9474170524800472,18.368718215151095,1,,0.0,-6.291506858408208,6.291506858408208,1
2016-17,2017,BKN,CHI,0,0.8430753231811465,18.33888904435041,7,,-2.0,1.8914090008474655,1.8914090008474655,1
2016-17,2017,CHI,DEN,0,0.889491478379939,18.33888904435041,5,,1.0,-1.2285190850825696,1.2285190850825696,1
2016-17,2017,CHI,DET,0,0.8457168511931352,18.50645970933469,2,,1.0,-1.184679676163658,1.184679676163658,0
2016-17,2017,CHI,LAL,0,0.967658096723251,18.371765503961278,3,,2.0,0.41541095284315366,0.41541095284315366,1
2016-17,2017,CHI,MIA,0,0.9050071742923099,18.438701451238334,4,,1.0,0.04267219053487728,0.04267219053487728,1
2016-17,2017,CHI,NOP,0,0.9213428055553501,18.420812145318827,2,,1.0,-1.8758267058686398,1.8758267058686398,1
2016-17,2017,CHI,NYK,0,0.8915778764450828,18.45365153427072,1,,1.0,-1.2537533320394103,1.2537533320394103,1
2016-17,2017,CHI,ORL,0,0.8860659857624431,18.459852898234377,1,,2.0,-0.36041458585556907,0.36041458585556907,1
2016-17,2017,CHI,PHI,0,0.9297627154931207,18.33888904435041,12,,2.0,5.0541864003280494,5.0541864003280494,1
2016-17,2017,CHI,PHX,0,0.9090965226884045,18.33888904435041,2,,2.0,2.9399916280617426,2.9399916280617426,1
2016-17,2017,CHI,POR,0,0.8236712887983606,18.53287279246101,1,,1.0,-1.4506608932599865,1.4506608932599865,1
2016-17,2017,CHI,SAC,0,0.9706113278332958,18.368718215151095,2,,1.0,0.6357607520623155,0.6357607520623155,0
2016-17,2017,BKN,CLE,0,0.6158846380560932,18.652885676665786,10,,-2.0,2.2384573375571133,2.2384573375571133,0
2016-17,2017,CLE,DEN,0,0.6497926367349034,18.652885676665786,8,,1.0,-0.22831739997091738,0.22831739997091738,1
2016-17,2017,CLE,DET,0,0.8637896775431007,18.652885676665786,5,,1.0,0.20339236374331782,0.20339236374331782,1
2016-17,2017,CLE,LAL,0,0.7549376051919845,18.652885676665786,6,,2.0,1.994184887971291,1.994184887971291,1
2016-17,2017,CLE,MIA,0,0.8071996630923197,18.652885676665786,7,,1.0,0.5703090552541539,0.5703090552541539,1
2016-17,2017,CLE,NOP,0,0.7928878174118422,18.652885676665786,5,,1.0,-1.5287783691589922,1.5287783691589922,0
2016-17,2017,CLE,NYK,0,0.8193580229891243,18.652885676665786,4,,1.0,-3.004650605729328,3.004650605729328,1
2016-17,2017,CLE,ORL,0,0.8244549479644959,18.652885676665786,2,,2.0,1.2183593492725682,1.2183593492725682,1
2016-17,2017,CLE,PHI,0,0.6792116407213288,18.652885676665786,15,,2.0,4.572744967834326,4.572744967834326,1
2016-17,2017,CLE,PHX,0,0.6641145428398441,18.652885676665786,5,,2.0,2.458550195568019,2.458550195568019,1
2016-17,2017,CLE,POR,0,0.8869090086296799,18.652885676665786,2,,1.0,0.12811304186815087,0.12811304186815087,1
2016-17,2017,CLE,SAC,0,0.7526405938571048,18.652885676665786,5,,1.0,-3.1429049078233717,3.1429049078233717,1
2016-17,2017,BKN,DAL,0,0.7583457242643921,18.44480596633906,1,,-1.0,3.919177387043235,3.919177387043235,0
2016-17,2017,DAL,DEN,0,0.8000970267446731,18.44480596633906,1,,0.0,1.212708231737822,1.212708231737822,1
2016-17,2017,DAL,DET,0,0.9402083836247893,18.50645970933469,4,,0.0,1.2565476406567333,1.2565476406567333,1
2016-17,2017,DAL,LAL,0,0.9295632162392057,18.44480596633906,3,,1.0,3.0473401648847065,3.0473401648847065,1
2016-17,2017,DAL,MIA,0,0.9939140795357304,18.44480596633906,2,,0.0,1.1914093669917871,1.1914093669917871,1
2016-17,2017,DAL,NOP,0,0.9762917419947615,18.44480596633906,4,,0.0,0.15194168032712987,0.15194168032712987,0
2016-17,2017,DAL,NYK,0,0.9911934389215794,18.45365153427072,5,,0.0,0.7740150541563594,0.7740150541563594,0
2016-17,2017,DAL,ORL,0,0.9850657073739225,18.459852898234377,7,,1.0,2.2715146261859838,2.2715146261859838,1
2016-17,2017,DAL,PHI,1,0.8363209792622075,18.44480596633906,6,,1.0,5.625900244747742,5.625900244747742,1
2016-17,2017,DAL,PHX,0,0.8177317518001284,18.44480596633906,4,,1.0,3.5117054724814345,3.5117054724814345,1
2016-17,2017,DAL,POR,0,0.9156996812664902,18.53287279246101,7,,0.0,1.1812683187815665,1.1812683187815665,1
2016-17,2017,DAL,SAC,0,0.9267348801893069,18.44480596633906,4,,0.0,0.6357607520623155,0.6357607520623155,0
2016-17,2017,BKN,DEN,0,0.9478172008085655,18.22178369354038,2,,-1.0,2.5466106185380575,2.5466106185380575,1
2016-17,2017,DEN,DET,0,0.7522579322586088,18.50645970933469,3,,0.0,-0.5294780584730661,0.5294780584730661,1
2016-17,2017,DEN,LAL,0,0.8607236310206826,18.371765503961278,2,,1.0,1.2613144657549071,1.2613144657549071,1
2016-17,2017,DEN,MIA,0,0.8049961694057179,18.438701451238334,1,,0.0,-0.2895515789792491,0.2895515789792491,1
2016-17,2017,DEN,NOP,0,0.819526574208149,18.420812145318827,3,,0.0,-1.2206250881780478,1.2206250881780478,1
2016-17,2017,DEN,NYK,0,0.7930509234099834,18.45365153427072,4,,0.0,-0.5985517143488183,0.5985517143488183,1
2016-17,2017,DEN,ORL,0,0.7881481436180136,18.459852898234377,6,,1.0,0.4854889270561844,0.4854889270561844,1
2016-17,2017,DEN,PHI,0,0.9566865433060274,18.26606317514941,7,,1.0,3.839874545617942,3.839874545617942,1
2016-17,2017,DEN,PHX,0,0.9784345844262072,18.24358504056942,3,,1.0,1.7256797733516351,1.7256797733516351,1
2016-17,2017,DEN,POR,1,0.7326485923723636,18.53287279246101,6,,0.0,-0.604757380348233,0.604757380348233,1
2016-17,2017,DEN,SAC,0,0.863350504926754,18.368718215151095,3,,0.0,0.6357607520623155,0.6357607520623155,0
2016-17,2017,BKN,DET,0,0.7130030076393942,18.50645970933469,5,,-1.0,0.16278000339253884,0.16278000339253884,1
2016-17,2017,DET,LAL,0,0.873983129017324,18.50645970933469,1,,1.0,-2.6100729831001797,2.6100729831001797,1
2016-17,2017,DET,MIA,0,0.9344863501822094,18.50645970933469,2,,0.0,-3.4121058225777983,3.4121058225777983,1
2016-17,2017,DET,NOP,0,0.9179176806871245,18.50645970933469,0,,0.0,-3.6044557033235662,3.6044557033235662,1
2016-17,2017,DET,NYK,0,0.9485619523952237,18.50645970933469,1,,0.0,-0.7374171429348529,0.7374171429348529,1
2016-17,2017,DET,ORL,0,0.9544626075059318,18.50645970933469,3,,1.0,-3.385898521798902,3.385898521798902,1
2016-17,2017,DET,PHI,0,0.786315996103621,18.50645970933469,10,,1.0,0.7457956322849437,0.7457956322849437,1
2016-17,2017,DET,PHX,0,0.7688382485986661,18.50645970933469,0,,1.0,0.14303305710984926,0.14303305710984926,0
2016-17,2017,DET,POR,0,0.9739326911085279,18.53287279246101,3,,0.0,-4.47614482920332,4.47614482920332,1
2016-17,2017,DET,SAC,0,0.871323903751501,18.50645970933469,0,,0.0,-0.8756714450288968,0.8756714450288968,1
2016-17,2017,BKN,GSW,0,0.7792973436707791,18.4175526766471,3,,-2.0,3.919177387043235,3.919177387043235,0
2016-17,2017,DEN,GSW,0,0.8222021535439269,18.4175526766471,1,,-1.0,-1.8826605724266794,1.8826605724266794,1
2016-17,2017,DET,GSW,0,0.9149306274815283,18.50645970933469,2,,-1.0,-0.6278366682346732,0.6278366682346732,1
2016-17,2017,GSW,LAL,0,0.9552452423885756,18.4175526766471,1,,2.0,-0.49609708728703694,0.49609708728703694,1
2016-17,2017,GSW,MIA,0,0.9790732922991673,18.438701451238334,0,,1.0,-1.9229602314349752,1.9229602314349752,1
2016-17,2017,GSW,NOP,0,0.9967458375969398,18.420812145318827,2,,1.0,-3.051468665131253,3.051468665131253,1
2016-17,2017,GSW,NYK,0,0.9645449358064884,18.45365153427072,3,,1.0,-4.659076967158414,4.659076967158414,0
2016-17,2017,GSW,ORL,0,0.958581949975282,18.459852898234377,5,,2.0,-1.2719226259857597,1.2719226259857597,1
2016-17,2017,GSW,PHI,0,0.8594269035107758,18.4175526766471,8,,2.0,5.355873135009302,5.355873135009302,1
2016-17,2017,GSW,PHX,0,0.8403240918002697,18.4175526766471,2,,2.0,-0.03173177969030894,0.03173177969030894,1
2016-17,2017,GSW,POR,0,0.8910808482006989,18.53287279246101,5,,1.0,-2.362168933390177,2.362168933390177,1
2016-17,2017,GSW,SAC,0,0.9523387649071704,18.4175526766471,2,,1.0,-7.035585633411959,7.035585633411959,1
2016-17,2017,BKN,HOU,0,0.8601583551962126,18.318828843676318,6,,-2.0,1.6712801571733507,1.6712801571733507,1
2016-17,2017,DEN,HOU,0,0.9075150297572435,18.318828843676318,4,,-1.0,-1.4486479287566845,1.4486479287566845,1
2016-17,2017,DET,HOU,0,0.8289206322674729,18.50645970933469,1,,-1.0,-0.9746041297287786,0.9746041297287786,0
2016-17,2017,HOU,LAL,1,0.948440083963042,18.371765503961278,2,,2.0,0.8161883944991946,0.8161883944991946,0
2016-17,2017,HOU,MIA,0,0.8870334297615445,18.438701451238334,3,,1.0,-0.41798543825687884,0.41798543825687884,1
2016-17,2017,HOU,NOP,0,0.9030446299356265,18.420812145318827,1,,1.0,-2.0959555495427544,2.0959555495427544,1
2016-17,2017,HOU,NYK,0,0.8738708422516387,18.45365153427072,0,,1.0,-1.4738821757135252,1.4738821757135252,1
2016-17,2017,HOU,ORL,0,0.8684684195575691,18.459852898234377,2,,2.0,1.858055695561362,1.858055695561362,0
2016-17,2017,HOU,PHI,0,0.9486022732389843,18.318828843676318,11,,2.0,4.224053366151122,4.224053366151122,1
2016-17,2017,HOU,PHX,0,0.9275173263519159,18.318828843676318,1,,2.0,3.3150731292566644,3.3150731292566644,1
2016-17,2017,HOU,POR,0,0.8073129020996423,18.53287279246101,2,,1.0,-1.0498834516039457,1.0498834516039457,0
2016-17,2017,HOU,SAC,0,0.9513346629175901,18.368718215151095,1,,1.0,-1.612136477807569,1.612136477807569,1
2016-17,2017,BKN,IND,0,0.8271269365691769,18.357987175841817,4,,-2.0,-1.2269122577491398,1.2269122577491398,1
2016-17,2017,DEN,IND,0,0.8726650411741526,18.357987175841817,2,,-1.0,-0.9598330074442452,0.9598330074442452,1
2016-17,2017,DET,IND,0,0.8620236823586533,18.50645970933469,1,,-1.0,-0.9159935985253336,0.9159935985253336,0
2016-17,2017,IND,LAL,0,0.9863161584456241,18.371765503961278,0,,2.0,-4.271290719089736,4.271290719089736,1
2016-17,2017,IND,MIA,0,0.9224572217567149,18.438701451238334,1,,1.0,-3.328907054616137,3.328907054616137,1
2016-17,2017,IND,NOP,0,0.9391078312309763,18.420812145318827,1,,1.0,-4.994147964465245,4.994147964465245,1
2016-17,2017,IND,NYK,0,0.9087689846529774,18.45365153427072,2,,1.0,-4.372074590636015,4.372074590636015,1
2016-17,2017,IND,ORL,0,0.9031508155266271,18.459852898234377,4,,2.0,-5.047116257788458,5.047116257788458,1
2016-17,2017,IND,PHI,0,0.9121744706040067,18.357987175841817,9,,2.0,1.6115405754117975,1.6115405754117975,1
2016-17,2017,IND,PHX,0,0.891899218470408,18.357987175841817,1,,2.0,-0.5026541968545093,0.5026541968545093,1
2016-17,2017,IND,POR,0,0.8395530447588461,18.53287279246101,4,,1.0,-6.137362565192875,6.137362565192875,1
2016-17,2017,IND,SAC,0,0.989326332776129,18.368718215151095,1,,1.0,0.6357607520623155,0.6357607520623155,0
2016-17,2017,BKN,LAC,0,0.6683412633445163,18.5711464310977,5,,-2.0,1.3324544844624708,1.3324544844624708,1
2016-17,2017,DEN,LAC,0,0.705137301553893,18.5711464310977,3,,-1.0,-1.7874736014675643,1.7874736014675643,1
2016-17,2017,DET,LAC,0,0.937361071669608,18.5711464310977,0,,-1.0,-2.4950031425452783,2.4950031425452783,1
2016-17,2017,LAC,LAL,0,0.8192377624368361,18.5711464310977,1,,2.0,-1.0892925582562976,1.0892925582562976,1
2016-17,2017,LAC,MIA,0,0.8759511266674164,18.5711464310977,2,,1.0,-1.7907089111873917,1.7907089111873917,1
2016-17,2017,LAC,NOP,0,0.8604203008733642,18.5711464310977,0,,1.0,-2.4347812222536342,2.4347812222536342,1
2016-17,2017,LAC,NYK,0,0.8891450482422025,18.5711464310977,1,,1.0,-1.812707848424405,1.812707848424405,1
2016-17,2017,LAC,ORL,0,0.8946760926403287,18.5711464310977,3,,2.0,-1.8651180969550203,1.8651180969550203,1
2016-17,2017,LAC,PHI,0,0.7370620047786455,18.5711464310977,10,,2.0,4.241543012631896,4.241543012631896,1
2016-17,2017,LAC,PHX,0,0.7206790446470301,18.5711464310977,0,,2.0,2.1273482403655883,2.1273482403655883,1
2016-17,2017,LAC,POR,0,0.9624495411512534,18.5711464310977,3,,1.0,-2.955364404359438,2.955364404359438,1
2016-17,2017,LAC,SAC,0,0.8167451081918534,18.5711464310977,0,,1.0,0.6357607520623155,0.6357607520623155,0
2016-17,2017,BKN,MEM,0,0.6987584082630104,18.526640290155562,2,,-2.0,0.7468760900145606,0.7468760900145606,1
2016-17,2017,DEN,MEM,0,0.7372290855946826,18.526640290155562,0,,-1.0,-0.9375490669246689,0.9375490669246689,1
2016-17,2017,DET,MEM,0,0.9800216840269094,18.526640290155562,3,,-1.0,-2.329212586996563,2.329212586996563,0
2016-17,2017,LAL,MEM,0,0.8565224179106655,18.526640290155562,2,,-2.0,0.8970828662222159,0.8970828662222159,1
2016-17,2017,MEM,MIA,0,0.915816886605729,18.526640290155562,1,,1.0,-4.153316101579707,4.153316101579707,1
2016-17,2017,MEM,NOP,0,0.8995792312250707,18.526640290155562,3,,1.0,-19.596446128903203,19.596446128903203,1
2016-17,2017,MEM,NYK,0,0.9296112819902201,18.526640290155562,4,,1.0,-17.644763577869593,17.644763577869593,1
2016-17,2017,MEM,ORL,0,0.9353940519486783,18.526640290155562,6,,2.0,-13.930536720046968,13.930536720046968,1
2016-17,2017,MEM,PHI,0,0.7706067266787674,18.526640290155562,7,,2.0,0.7707565899191584,0.7707565899191584,1
2016-17,2017,MEM,PHX,0,0.7534781551359644,18.526640290155562,3,,2.0,-0.01382900514276919,0.01382900514276919,1
2016-17,2017,MEM,POR,0,0.9937868793949927,18.53287279246101,6,,1.0,-0.9689889798809243,0.9689889798809243,1
2016-17,2017,MEM,SAC,0,0.8539163194874468,18.526640290155562,3,,1.0,-15.940325760139343,15.940325760139343,0
2016-17,2017,BKN,MIA,0,0.7629892159477454,18.438701451238334,3,,-1.0,1.525313223103482,1.525313223103482,1
2016-17,2017,LAL,MIA,0,0.9352551044184988,18.438701451238334,1,,-1.0,1.3363006114545681,1.3363006114545681,1
2016-17,2017,MIA,NOP,0,0.9822697576140581,18.438701451238334,2,,0.0,-2.241922483612623,2.241922483612623,1
2016-17,2017,MIA,NYK,0,0.9851611144875968,18.45365153427072,3,,0.0,-1.5709251018623651,1.5709251018623651,0
2016-17,2017,MIA,ORL,0,0.9790706758267654,18.459852898234377,5,,1.0,-1.154547890649909,1.154547890649909,1
2016-17,2017,MIA,PHI,0,0.8414419279107741,18.438701451238334,8,,1.0,1.5699205352988785,1.5699205352988785,1
2016-17,2017,MIA,PHX,0,0.8227388751571978,18.438701451238334,2,,1.0,-0.5057105273083708,0.5057105273083708,1
2016-17,2017,MIA,POR,0,0.9101268058371452,18.53287279246101,5,,0.0,-0.529771234648572,0.529771234648572,1
2016-17,2017,MIA,SAC,0,0.9324094499417861,18.438701451238334,2,,0.0,-1.709179403956409,1.709179403956409,1
2016-17,2017,BKN,MIL,0,0.7312309944179667,18.48121594059402,5,,-1.0,-1.0510979183958433,1.0510979183958433,1
2016-17,2017,DEN,MIL,0,0.7714894747575449,18.48121594059402,3,,0.0,-2.118064406104751,2.118064406104751,1
2016-17,2017,DET,MIL,0,0.9750721907061922,18.50645970933469,0,,0.0,-4.127186595406966,4.127186595406966,0
2016-17,2017,LAL,MIL,0,0.8963265872492427,18.48121594059402,1,,-1.0,-2.3363940711789937,2.3363940711789937,0
2016-17,2017,MIA,MIL,0,0.9583765787694256,18.48121594059402,2,,0.0,-3.7195771287681927,3.7195771287681927,1
2016-17,2017,MIL,NOP,0,0.9413843297308339,18.48121594059402,0,,0.0,-4.818333625111949,4.818333625111949,1
2016-17,2017,MIL,NYK,0,0.9728120250339941,18.48121594059402,1,,0.0,-4.196260251282719,4.196260251282719,1
2016-17,2017,MIL,ORL,0,0.9788635309296084,18.48121594059402,3,,1.0,-6.029533317095668,6.029533317095668,1
2016-17,2017,MIL,PHI,0,0.8064182361042773,18.48121594059402,10,,1.0,3.35821449891097,3.35821449891097,0
2016-17,2017,MIL,PHX,0,0.7884936683937607,18.48121594059402,0,,1.0,1.2440197266446633,1.2440197266446633,0
2016-17,2017,MIL,POR,0,0.9496546827195694,18.53287279246101,3,,0.0,-4.202465917282134,4.202465917282134,0
2016-17,2017,MIL,SAC,0,0.893599378647491,18.48121594059402,0,,0.0,-0.3660011544357765,0.3660011544357765,0
2016-17,2017,BKN,MIN,0,0.9550983795770516,18.214131000705525,6,,-1.0,0.1493606508911407,0.1493606508911407,1
2016-17,2017,DEN,MIN,0,0.9923765143736183,18.22178369354038,4,,0.0,-2.9705674350388946,2.9705674350388946,1
2016-17,2017,DET,MIN,0,0.7465231047247037,18.50645970933469,1,,0.0,-2.926728026119983,2.926728026119983,1
2016-17,2017,LAL,MIN,0,0.8541619167913094,18.371765503961278,2,,-1.0,-1.1359355018920096,1.1359355018920096,1
2016-17,2017,MIA,MIN,0,0.7988592926789612,18.438701451238334,3,,0.0,-4.803470502988791,4.803470502988791,1
2016-17,2017,MIN,NOP,0,0.8132789251492354,18.420812145318827,1,,0.0,-3.6178750558249644,3.6178750558249644,1
2016-17,2017,MIN,NYK,0,0.7870051110943787,18.45365153427072,0,,0.0,-2.995801681995735,2.995801681995735,1
2016-17,2017,MIN,ORL,0,0.7821397075736822,18.459852898234377,2,,1.0,-1.9117610405907324,1.9117610405907324,1
2016-17,2017,MIN,PHI,0,0.9493932571941811,18.26606317514941,11,,1.0,1.4426245779710252,1.4426245779710252,1
2016-17,2017,MIN,PHX,0,0.9709755024354793,18.24358504056942,1,,1.0,-0.6715701942952816,0.6715701942952816,1
2016-17,2017,MIN,POR,0,0.7270632563592241,18.53287279246101,2,,0.0,-3.00200734799515,3.00200734799515,1
2016-17,2017,MIN,SAC,0,0.8567687647619155,18.368718215151095,1,,0.0,0.6357607520623155,0.6357607520623155,0
2016-17,2017,BKN,NOP,0,0.776761383554201,18.420812145318827,5,,-1.0,1.7276185262276766,1.7276185262276766,1
2016-17,2017,LAL,NOP,0,0.9521367192350925,18.420812145318827,1,,-1.0,0.4423223734445263,0.4423223734445263,0
2016-17,2017,NOP,NYK,0,0.9676939691385271,18.45365153427072,1,,0.0,-1.4175438066591992,1.4175438066591992,1
2016-17,2017,NOP,ORL,0,0.9617115154313889,18.459852898234377,3,,1.0,-0.33350316525419643,0.33350316525419643,0
2016-17,2017,NOP,PHI,0,0.8566301887931926,18.420812145318827,10,,1.0,4.071616255086331,4.071616255086331,1
2016-17,2017,NOP,PHX,0,0.8375895407343474,18.420812145318827,0,,1.0,2.026391912925562,2.026391912925562,1
2016-17,2017,NOP,POR,0,0.8939900369677096,18.53287279246101,3,,0.0,-1.423749472658614,1.423749472658614,0
2016-17,2017,NOP,SAC,1,0.9492396999034327,18.420812145318827,0,,0.0,-0.8214942985365846,0.8214942985365846,1
2016-17,2017,BKN,NYK,0,0.7516673063250985,18.45365153427072,6,,-1.0,-1.9962685040875074,1.9962685040875074,1
2016-17,2017,LAL,NYK,0,0.921376960999142,18.45365153427072,2,,-1.0,-3.281564656870658,3.281564656870658,0
2016-17,2017,NYK,ORL,0,0.9938178247483923,18.459852898234377,2,,1.0,0.4351788631495417,0.4351788631495417,1
2016-17,2017,NYK,PHI,0,0.8289558674771703,18.45365153427072,11,,1.0,-0.31341009515561036,0.31341009515561036,1
2016-17,2017,NYK,PHX,0,0.8105303471821368,18.45365153427072,1,,1.0,-2.427604867421917,2.427604867421917,1
2016-17,2017,NYK,POR,0,0.9238354949794395,18.53287279246101,2,,0.0,-5.147636502973798,5.147636502973798,0
2016-17,2017,NYK,SAC,0,0.918573532863417,18.45365153427072,1,,0.0,0.6357607520623155,0.6357607520623155,0
2016-17,2017,BKN,OKC,0,0.8509846467325773,18.329551262836,3,,-2.0,-2.863603250182739,2.863603250182739,1
2016-17,2017,DEN,OKC,0,0.8978362557744446,18.329551262836,1,,-1.0,-5.983531336112774,5.983531336112774,1
2016-17,2017,DET,OKC,0,0.837856488218707,18.50645970933469,2,,-1.0,-2.061259462328854,2.061259462328854,1
2016-17,2017,LAL,OKC,0,0.9586643728017534,18.371765503961278,1,,-2.0,-2.242916088029021,2.242916088029021,1
2016-17,2017,MIA,OKC,0,0.8965957480869986,18.438701451238334,0,,-1.0,-1.3473663101444586,1.3473663101444586,1
2016-17,2017,NOP,OKC,0,0.9127795507670292,18.420812145318827,2,,-1.0,-6.630838956898844,6.630838956898844,1
2016-17,2017,NYK,OKC,0,0.8832912664302282,18.45365153427072,3,,-1.0,-6.008765583069614,6.008765583069614,1
2016-17,2017,OKC,ORL,0,0.8778306050229421,18.459852898234377,5,,2.0,-3.018741626727744,3.018741626727744,1
2016-17,2017,OKC,PHI,0,0.9384852980912499,18.329551262836,8,,2.0,-3.967461822957504,3.967461822957504,1
2016-17,2017,OKC,PHX,0,0.9176252250946049,18.329551262836,2,,2.0,-1.3669604277887868,1.3669604277887868,1
2016-17,2017,OKC,POR,0,0.8160158243335858,18.53287279246101,5,,1.0,-4.108987934132161,4.108987934132161,1
2016-17,2017,OKC,SAC,0,0.9615901556370718,18.368718215151095,2,,1.0,-1.4410594969356443,1.4410594969356443,1
2016-17,2017,BKN,POR,0,0.6944169379987094,18.53287279246101,8,,-1.0,0.09671321635926411,0.09671321635926411,1
2016-17,2017,LAL,POR,0,0.8512007408272941,18.53287279246101,4,,-1.0,-3.8881676695117644,3.8881676695117644,1
2016-17,2017,ORL,POR,0,0.9295823358907147,18.53287279246101,0,,-1.0,-7.454519415130052,7.454519415130052,1
2016-17,2017,PHI,POR,0,0.7658188541468822,18.53287279246101,13,,-1.0,-1.0037469776132317,1.0037469776132317,1
2016-17,2017,PHX,POR,0,0.7487967044848662,18.53287279246101,3,,-1.0,-3.1179417498795385,3.1179417498795385,1
2016-17,2017,POR,SAC,0,0.8486108344078873,18.53287279246101,3,,0.0,-9.199591584641503,9.199591584641503,1
2016-17,2017,BKN,SAC,0,0.8182984588963376,18.368718215151095,5,,-1.0,2.104063911093495,2.104063911093495,1
2016-17,2017,LAL,SAC,0,0.9969573494298306,18.371765503961278,1,,-1.0,1.2357610398976306,1.2357610398976306,1
2016-17,2017,ORL,SAC,0,0.912894750301767,18.459852898234377,3,,-1.0,0.04294221961162181,0.04294221961162181,0
2016-17,2017,PHI,SAC,0,0.9024382238546688,18.368718215151095,10,,-1.0,3.7431594746366548,3.7431594746366548,1
2016-17,2017,PHX,SAC,0,0.8823793830152242,18.368718215151095,0,,-1.0,1.2831330659070725,1.2831330659070725,0
2016-17,2017,BKN,SAS,0,0.7150764077462333,18.50355594708964,3,,-2.0,3.919177387043235,3.919177387043235,0
2016-17,2017,DEN,SAS,0,0.7544454849903702,18.50355594708964,1,,-1.0,0.9778074127998345,0.9778074127998345,0
2016-17,2017,DET,SAS,0,0.997100449568216,18.50645970933469,2,,-1.0,1.3782279254963477,1.3782279254963477,1
2016-17,2017,LAL,SAS,0,0.876524656463442,18.50355594708964,1,,-2.0,3.1690204497243206,3.1690204497243206,1
2016-17,2017,MIA,SAS,0,0.9372038199229366,18.50355594708964,0,,-1.0,1.2909227789510727,1.2909227789510727,0
2016-17,2017,NOP,SAS,0,0.9205869690306723,18.50355594708964,2,,-1.0,0.15194168032712987,0.15194168032712987,0
2016-17,2017,NYK,SAS,0,0.9513203537376687,18.50355594708964,3,,-1.0,0.7740150541563594,0.7740150541563594,0
2016-17,2017,ORL,SAS,0,0.9572381678488381,18.50355594708964,5,,-2.0,2.3931949110255983,2.3931949110255983,1
2016-17,2017,PHI,SAS,0,0.7886025890812977,18.50355594708964,8,,-2.0,5.747580529587355,5.747580529587355,1
2016-17,2017,PHX,SAS,0,0.7710740165964257,18.50355594708964,2,,-2.0,3.633385757321049,3.633385757321049,1
2016-17,2017,POR,SAS,0,0.9711087241534955,18.53287279246101,5,,-1.0,1.3029486036211808,1.3029486036211808,1
2016-17,2017,SAC,SAS,0,0.873857698217686,18.50355594708964,2,,-1.0,0.6357607520623155,0.6357607520623155,0
2016-17,2017,BKN,TOR,0,0.7152452899931316,18.503319801268187,5,,-2.0,-13.93598139119078,13.93598139119078,1
2016-17,2017,DEN,TOR,0,0.7546236651782315,18.503319801268187,3,,-1.0,-0.22488758184813307,0.22488758184813307,1
2016-17,2017,DET,TOR,0,0.9968650162607027,18.50645970933469,0,,-1.0,-17.0120700682019,17.0120700682019,0
2016-17,2017,LAL,TOR,0,0.87673166854193,18.503319801268187,1,,-2.0,1.6097443512987517,1.6097443512987517,1
2016-17,2017,MIA,TOR,0,0.9374251628244722,18.503319801268187,2,,-1.0,0.16468430781323584,0.16468430781323584,1
2016-17,2017,NOP,TOR,0,0.9208043874689132,18.503319801268187,0,,-1.0,-17.703217097906883,17.703217097906883,1
2016-17,2017,NYK,TOR,0,0.9515450305933429,18.503319801268187,1,,-1.0,-17.081143724077656,17.081143724077656,1
2016-17,2017,ORL,TOR,1,0.9574642423366156,18.503319801268187,3,,-2.0,-15.997103082672652,15.997103082672652,0
2016-17,2017,PHI,TOR,0,0.7887888362790951,18.503319801268187,10,,-2.0,-12.883105081444807,12.883105081444807,1
2016-17,2017,PHX,TOR,1,0.7712561240062592,18.503319801268187,0,,-2.0,2.0741096588954795,2.0741096588954795,1
2016-17,2017,POR,TOR,0,0.9708794279587325,18.53287279246101,3,,-1.0,-0.25632749480438843,0.25632749480438843,1
2016-17,2017,SAC,TOR,0,0.8740640804307553,18.503319801268187,0,,-1.0,0.6357607520623155,0.6357607520623155,0
2016-17,2017,BKN,UTA,0,0.9638720436325415,18.204986800277926,5,,-2.0,3.1424627905951934,3.1424627905951934,1
2016-17,2017,DEN,UTA,0,0.9833433878178787,18.22178369354038,3,,-1.0,0.022534704665158167,0.022534704665158167,1
2016-17,2017,DET,UTA,0,0.7397278636200527,18.50645970933469,0,,-1.0,0.06637411358406975,0.06637411358406975,1
2016-17,2017,LAL,UTA,0,0.8463868913027839,18.371765503961278,1,,-2.0,1.857166637812043,1.857166637812043,1
2016-17,2017,MIA,UTA,0,0.7915876604038337,18.438701451238334,2,,-1.0,-1.5679908117752588,1.5679908117752588,1
2016-17,2017,NOP,UTA,0,0.8058760378886214,18.420812145318827,0,,-1.0,-0.624772916120912,0.624772916120912,1
2016-17,2017,NYK,UTA,0,0.77984138173807,18.45365153427072,1,,-1.0,-0.002699542291682455,0.002699542291682455,1
2016-17,2017,ORL,UTA,0,0.7750202656477094,18.459852898234377,3,,-2.0,1.0813410991133203,1.0813410991133203,1
2016-17,2017,PHI,UTA,0,0.9407513865743247,18.26606317514941,10,,-2.0,4.435726717675077,4.435726717675077,1
2016-17,2017,PHX,UTA,0,0.9621371790078448,18.24358504056942,0,,-2.0,2.321531945408771,2.321531945408771,1
2016-17,2017,POR,UTA,0,0.72044514890344,18.53287279246101,3,,-1.0,-0.0089052082910972,0.0089052082910972,1
2016-17,2017,SAC,UTA,0,0.8489700103889504,18.368718215151095,0,,-1.0,0.22610152413617507,0.22610152413617507,1
2016-17,2017,BKN,WAS,1,0.7681496980917923,18.431960715194307,6,,-2.0,1.4246191466270686,1.4246191466270686,1
2016-17,2017,DEN,WAS,0,0.8104407658317425,18.431960715194307,4,,-1.0,-1.6953089393029666,1.6953089393029666,1
2016-17,2017,DET,WAS,0,0.9282084070469708,18.50645970933469,1,,-1.0,-2.477911923085106,2.477911923085106,1
2016-17,2017,LAL,WAS,0,0.9415807079337273,18.431960715194307,2,,-2.0,-0.14833901858513543,0.14833901858513543,1
2016-17,2017,MIA,WAS,0,0.9932819316900515,18.438701451238334,3,,-1.0,-3.8985609967233845,3.8985609967233845,1
2016-17,2017,NOP,WAS,0,0.9889133450185121,18.431960715194307,1,,-1.0,-2.0078446394669243,2.0078446394669243,1
2016-17,2017,NYK,WAS,0,0.9785427348241642,18.45365153427072,0,,-1.0,-1.00963319221797,1.00963319221797,1
2016-17,2017,ORL,WAS,0,0.9724932121462938,18.459852898234377,2,,-2.0,-0.6365025448548045,0.6365025448548045,1
2016-17,2017,PHI,WAS,0,0.8471330254433156,18.431960715194307,11,,-2.0,2.717883073706953,2.717883073706953,1
2016-17,2017,PHX,WAS,0,0.8283034744801229,18.431960715194307,1,,-2.0,0.6036883014406462,0.6036883014406462,1
2016-17,2017,POR,WAS,0,0.9040125117848161,18.53287279246101,2,,-1.0,-2.0144108646882755,2.0144108646882755,1
2016-17,2017,SAC,WAS,0,0.9387158068558722,18.431960715194307,1,,-1.0,-0.5254535612608479,0.5254535612608479,0
2016-17,2017,CHI,OKC,1,0.9907056800827144,18.33888904435041,4,,0.0,0.8105853896019548,0.8105853896019548,1
2017-18,2017,ATL,BOS,0,0.9061914494510738,18.515923330563233,9,,-2.0,2.30245097025342,2.30245097025342,1
2017-18,2017,BKN,BOS,0,0.8586058144803316,18.515923330563233,1,,-2.0,3.1692857582782867,3.1692857582782867,1
2017-18,2017,BOS,CHI,0,0.7903621557544562,18.515923330563233,6,,2.0,1.3476664089294415,1.3476664089294415,1
2017-18,2017,BOS,DAL,0,0.7831096291200195,18.515923330563233,4,,2.0,4.903109206373938,4.903109206373938,1
2017-18,2017,BOS,LAL,0,0.928830443483434,18.515923330563233,3,,2.0,4.595078685689924,4.595078685689924,1
2017-18,2017,BOS,MEM,0,0.9932915506796213,18.522654382611922,7,,2.0,6.623243547529257,6.623243547529257,1
2017-18,2017,BOS,NYK,0,0.9453762983468592,18.515923330563233,1,,1.0,1.0799727998932611,1.0799727998932611,1
2017-18,2017,BOS,ORL,0,0.8537001737681104,18.515923330563233,2,,2.0,3.056924176999101,3.056924176999101,1
2017-18,2017,BOS,PHX,0,0.8411353516588631,18.515923330563233,4,,2.0,2.866131881531272,2.866131881531272,1
2017-18,2017,BOS,SAC,0,0.851216887716155,18.515923330563233,2,,2.0,-1.5870414662196204,1.5870414662196204,1
2017-18,2017,ATL,CHA,0,0.8502591663894011,18.579632721935653,12,,-1.0,0.4200708419647685,0.4200708419647685,0
2017-18,2017,BKN,CHA,0,0.8056106295412082,18.579632721935653,4,,-1.0,4.76323536204887,4.76323536204887,1
2017-18,2017,CHA,CHI,0,0.7415791311036826,18.579632721935653,9,,1.0,-0.53471371935921,0.53471371935921,1
2017-18,2017,CHA,DAL,0,0.734774247594631,18.579632721935653,7,,1.0,3.0207290780852865,3.0207290780852865,1
2017-18,2017,CHA,LAL,0,0.8715008280774575,18.579632721935653,6,,1.0,2.7126985574012727,2.7126985574012727,0
2017-18,2017,CHA,MEM,0,0.9446145296620017,18.579632721935653,10,,1.0,7.561016496969035,7.561016496969035,0
2017-18,2017,CHA,NYK,1,0.887025433580961,18.579632721935653,4,,0.0,1.2067974153805252,1.2067974153805252,1
2017-18,2017,CHA,ORL,0,0.8010077765953922,18.579632721935653,1,,1.0,1.1745440487104495,1.1745440487104495,1
2017-18,2017,CHA,PHX,0,0.7892184850732628,18.579632721935653,7,,1.0,3.950347844177762,3.950347844177762,1
2017-18,2017,CHA,SAC,0,0.7986777648415615,18.579632721935653,5,,1.0,-1.5067649431614565,1.5067649431614565,1
2017-18,2017,ATL,CLE,0,0.7233199820169853,18.741322225652997,10,,-2.0,-0.9442280626218302,0.9442280626218302,1
2017-18,2017,BKN,CLE,0,0.6853372349361628,18.741322225652997,2,,-2.0,3.1797408860720813,3.1797408860720813,1
2017-18,2017,CHI,CLE,0,0.6308652996378608,18.741322225652997,7,,-2.0,0.06994799122076767,0.06994799122076767,1
2017-18,2017,CLE,DAL,0,0.6250763491484512,18.741322225652997,5,,2.0,4.816953975162943,4.816953975162943,1
2017-18,2017,CLE,LAL,1,0.7413903762656716,18.741322225652997,4,,2.0,2.9986568037816324,2.9986568037816324,1
2017-18,2017,CLE,MEM,0,0.8035885899466844,18.741322225652997,8,,2.0,5.194577363171156,5.194577363171156,1
2017-18,2017,CLE,NYK,0,0.7545972404989614,18.741322225652997,2,,1.0,-2.794478057986894,2.794478057986894,1
2017-18,2017,CLE,ORL,0,0.6814215635249008,18.741322225652997,1,,2.0,1.7792057592904271,1.7792057592904271,1
2017-18,2017,CLE,PHX,0,0.671392350705013,18.741322225652997,5,,2.0,2.8765870093250667,2.8765870093250667,1
2017-18,2017,CLE,SAC,1,0.6794394101691927,18.741322225652997,3,,2.0,-0.007031306470191678,0.007031306470191678,0
2017-18,2017,ATL,DEN,0,0.9442392850041645,18.474794313622223,11,,-2.0,2.686130877466118,2.686130877466118,0
2017-18,2017,BKN,DEN,0,0.8946556942867057,18.474794313622223,3,,-2.0,3.0828752752673347,3.0828752752673347,1
2017-18,2017,CHI,DEN,0,0.8235467210554726,18.474794313622223,8,,-2.0,-0.5531550338240661,0.5531550338240661,1
2017-18,2017,DAL,DEN,1,0.8159896859853198,18.474794313622223,6,,-2.0,3.0022877636204304,3.0022877636204304,1
2017-18,2017,DEN,LAL,0,0.9678288118654897,18.474794313622223,5,,2.0,4.978758592902622,4.978758592902622,0
2017-18,2017,DEN,MEM,0,0.9532671689612033,18.522654382611922,9,,2.0,6.933008095653683,6.933008095653683,1
2017-18,2017,DEN,NYK,1,0.9850693697801413,18.474794313622223,3,,1.0,1.0894978877404005,1.0894978877404005,1
2017-18,2017,DEN,ORL,0,0.8895440827377322,18.474794313622223,0,,2.0,1.1561027342455934,1.1561027342455934,1
2017-18,2017,DEN,PHX,0,0.8764517073331454,18.474794313622223,6,,2.0,5.028231122511587,5.028231122511587,1
2017-18,2017,DEN,SAC,0,0.8869565321185121,18.474794313622223,4,,2.0,-1.07895471373908,1.07895471373908,0
2017-18,2017,ATL,DET,0,0.8485238742320625,18.581675705300352,9,,-2.0,-13.268771336802534,13.268771336802534,1
2017-18,2017,BKN,DET,0,0.8039664604894967,18.581675705300352,1,,-2.0,-9.78157464204047,9.78157464204047,1
2017-18,2017,CHI,DET,1,0.7400656438034341,18.581675705300352,6,,-2.0,-3.4261755810092005,3.4261755810092005,1
2017-18,2017,DAL,DET,0,0.7332746483669275,18.581675705300352,4,,-2.0,3.333947152085101,3.333947152085101,1
2017-18,2017,DET,LAL,0,0.8697221838571326,18.581675705300352,3,,2.0,-10.976143621366031,10.976143621366031,1
2017-18,2017,DET,MEM,1,0.9426866678407746,18.581675705300352,7,,2.0,-5.803999898995902,5.803999898995902,1
2017-18,2017,DET,NYK,0,0.8852151052256794,18.581675705300352,1,,1.0,-1.6307854847420638,1.6307854847420638,1
2017-18,2017,DET,ORL,0,0.7993730014966471,18.581675705300352,2,,2.0,-1.716917812939541,1.716917812939541,1
2017-18,2017,DET,PHX,0,0.7876077707149691,18.581675705300352,4,,2.0,-1.9965728356409658,1.9965728356409658,1
2017-18,2017,DET,SAC,0,0.7970477450589397,18.581675705300352,2,,2.0,-6.661199894895009,6.661199894895009,1
2017-18,2017,ATL,GSW,0,0.736381452963681,18.723425662486818,11,,-2.0,0.913144769095608,0.913144769095608,1
2017-18,2017,BKN,GSW,0,0.6977128261065408,18.723425662486818,3,,-2.0,-0.1314847057293299,0.1314847057293299,1
2017-18,2017,CHI,GSW,0,0.6422572547716329,18.723425662486818,8,,-2.0,-2.9172859809302034,2.9172859809302034,1
2017-18,2017,DAL,GSW,0,0.6363637693453916,18.723425662486818,6,,-2.0,0.3082001960399761,0.3082001960399761,1
2017-18,2017,GSW,LAL,0,0.7547781563637008,18.723425662486818,5,,2.0,3.2057724845321123,3.2057724845321123,1
2017-18,2017,GSW,MEM,0,0.8180995246389852,18.723425662486818,9,,2.0,11.029708878967122,11.029708878967122,1
2017-18,2017,GSW,NYK,0,0.7682235057457057,18.723425662486818,3,,1.0,0.6613184127109735,0.6613184127109735,1
2017-18,2017,GSW,ORL,0,0.6937264468071428,18.723425662486818,0,,2.0,-1.208028212860544,1.208028212860544,1
2017-18,2017,GSW,PHX,0,0.6835161298077467,18.723425662486818,6,,2.0,-0.43463858247634446,0.43463858247634446,1
2017-18,2017,GSW,SAC,0,0.6917085003873538,18.723425662486818,4,,2.0,-0.5674394721433844,0.5674394721433844,1
2017-18,2017,ATL,HOU,0,0.8506118387882665,18.579218025700797,6,,-2.0,-4.554519609514274,4.554519609514274,0
2017-18,2017,BKN,HOU,0,0.8059447825200914,18.579218025700797,2,,-2.0,-0.050290404766687224,0.050290404766687224,1
2017-18,2017,CHI,HOU,0,0.7418867249544203,18.579218025700797,3,,-2.0,0.6561447878445619,0.6561447878445619,1
2017-18,2017,DAL,HOU,0,0.7350790189005659,18.579218025700797,1,,-2.0,3.032450591456669,3.032450591456669,1
2017-18,2017,HOU,LAL,0,0.8718623111402706,18.579218025700797,0,,2.0,2.3626241893070365,2.3626241893070365,0
2017-18,2017,HOU,MEM,0,0.9450063389894962,18.579218025700797,4,,2.0,8.227184818900401,8.227184818900401,1
2017-18,2017,HOU,NYK,0,0.8873933559743696,18.579218025700797,2,,1.0,-5.9260004381636655,5.9260004381636655,1
2017-18,2017,HOU,ORL,0,0.8013400203926351,18.579218025700797,5,,2.0,2.3654025559142213,2.3654025559142213,1
2017-18,2017,HOU,PHX,0,0.7895458388817982,18.579218025700797,1,,2.0,3.8417268539828013,3.8417268539828013,1
2017-18,2017,HOU,SAC,0,0.7990090421913173,18.579218025700797,1,,2.0,-0.22274560058493403,0.22274560058493403,1
2017-18,2017,ATL,IND,0,0.9364184081073399,18.417418649101712,6,,-2.0,-11.054854452053183,11.054854452053183,1
2017-18,2017,BKN,IND,0,0.988316571148606,18.36347798089371,2,,-2.0,1.0806972548321874,1.0806972548321874,1
2017-18,2017,CHI,IND,0,0.931400002286342,18.35172576460464,3,,-2.0,-12.00963901337716,12.00963901337716,1
2017-18,2017,DAL,IND,0,0.9228532831972326,18.35172576460464,1,,-2.0,-8.454196215932665,8.454196215932665,1
2017-18,2017,IND,LAL,0,0.9135944676328775,18.442094259345843,0,,2.0,0.4382592982877611,0.4382592982877611,1
2017-18,2017,IND,MEM,0,0.8428817364834833,18.522654382611922,4,,2.0,3.3539052217033056,3.3539052217033056,1
2017-18,2017,IND,NYK,0,0.8976048542991026,18.459751099648685,2,,1.0,-4.944333976283281,4.944333976283281,1
2017-18,2017,IND,ORL,0,0.9939957617555257,18.357748100702405,5,,2.0,-10.300381245307502,10.300381245307502,1
2017-18,2017,IND,PHX,0,0.9912335285212963,18.35172576460464,1,,2.0,-10.068446628597997,10.068446628597997,1
2017-18,2017,IND,SAC,0,0.9968955818207653,18.35483501145286,1,,2.0,-0.9658356528228313,0.9658356528228313,1
2017-18,2017,ATL,LAC,0,0.8375151060437889,18.594734625849924,7,,-2.0,3.257863201293842,3.257863201293842,1
2017-18,2017,BKN,LAC,0,0.7935357812081555,18.594734625849924,1,,-2.0,3.809347037587009,3.809347037587009,0
2017-18,2017,CHI,LAC,0,0.7304640151820698,18.594734625849924,4,,-2.0,1.8911173292333743,1.8911173292333743,1
2017-18,2017,DAL,LAC,0,0.7237611262759724,18.594734625849924,2,,-2.0,5.564235152193675,5.564235152193675,1
2017-18,2017,LAC,LAL,0,0.8584383883140223,18.594734625849924,1,,2.0,5.550490916730347,5.550490916730347,1
2017-18,2017,LAC,MEM,0,0.9304562294104741,18.594734625849924,5,,2.0,10.403101295182879,10.403101295182879,1
2017-18,2017,LAC,NYK,0,0.8737303041657122,18.594734625849924,1,,1.0,-0.22602754294355587,0.22602754294355587,1
2017-18,2017,LAC,ORL,0,0.7890019178575385,18.594734625849924,4,,2.0,3.6003750973030337,3.6003750973030337,1
2017-18,2017,LAC,PHX,0,0.777389329449623,18.594734625849924,2,,2.0,3.623868186355798,3.623868186355798,1
2017-18,2017,LAC,SAC,0,0.7867068293501372,18.594734625849924,0,,2.0,1.4829926748341644,1.4829926748341644,1
2017-18,2017,ATL,MIA,1,0.778786541433031,18.667436933675198,10,,-2.0,-1.7733175600898496,1.7733175600898496,0
2017-18,2017,BKN,MIA,0,0.7378911521604798,18.667436933675198,2,,-2.0,0.6475811294085381,0.6475811294085381,1
2017-18,2017,CHI,MIA,0,0.6792421293893486,18.667436933675198,7,,-2.0,-3.100346141525267,3.100346141525267,1
2017-18,2017,DAL,MIA,0,0.6730092631029745,18.667436933675198,5,,-2.0,0.4550966559192293,0.4550966559192293,1
2017-18,2017,LAL,MIA,0,0.7982426330510493,18.667436933675198,4,,-2.0,-4.306560321337132,4.306560321337132,1
2017-18,2017,MEM,MIA,0,0.8652104106878229,18.667436933675198,8,,-2.0,5.25778435874293,5.25778435874293,1
2017-18,2017,MIA,NYK,0,0.8124622431477295,18.667436933675198,2,,1.0,-5.6160491353310675,5.6160491353310675,1
2017-18,2017,MIA,ORL,0,0.7336752141640466,18.667436933675198,1,,2.0,-1.3910883734556077,1.3910883734556077,1
2017-18,2017,MIA,PHX,0,0.7228769282608751,18.667436933675198,5,,2.0,-0.027816767449915458,0.027816767449915458,1
2017-18,2017,MIA,SAC,0,0.7315410627582231,18.667436933675198,3,,2.0,-3.6261458214402813,3.6261458214402813,0
2017-18,2017,ATL,MIL,0,0.8723365471507133,18.55399862878572,8,,-2.0,-8.546286983007313,8.546286983007313,1
2017-18,2017,BKN,MIL,1,0.826528689959502,18.55399862878572,0,,-2.0,3.533197236101953,3.533197236101953,1
2017-18,2017,CHI,MIL,0,0.7608345834283459,18.55399862878572,5,,-2.0,-8.935253723009776,8.935253723009776,1
2017-18,2017,DAL,MIL,0,0.7538530079056065,18.55399862878572,3,,-2.0,4.535875065528078,4.535875065528078,1
2017-18,2017,LAL,MIL,0,0.8941297586151533,18.55399862878572,2,,-2.0,-6.253659267570809,6.253659267570809,1
2017-18,2017,MEM,MIL,0,0.9691418919868023,18.55399862878572,6,,-2.0,7.572293700797783,7.572293700797783,1
2017-18,2017,MIL,NYK,0,0.9100574678315229,18.55399862878572,0,,1.0,-9.027659007090824,9.027659007090824,1
2017-18,2017,MIL,ORL,0,0.821806321763407,18.55399862878572,3,,2.0,-7.225995954940117,7.225995954940117,1
2017-18,2017,MIL,PHX,0,0.809710915719813,18.55399862878572,3,,2.0,-6.379153931384675,6.379153931384675,1
2017-18,2017,MIL,SAC,0,0.8194158101541191,18.55399862878572,1,,2.0,-8.252838002529211,8.252838002529211,1
2017-18,2017,ATL,MIN,0,0.9911829216055235,18.426274827847536,12,,-2.0,1.288811456493152,1.288811456493152,1
2017-18,2017,BKN,MIN,0,0.9391342416876924,18.426274827847536,4,,-2.0,-0.33575792908907776,0.33575792908907776,1
2017-18,2017,CHI,MIN,0,0.8644900270706405,18.426274827847536,9,,-2.0,0.3340268951691736,0.3340268951691736,1
2017-18,2017,DAL,MIN,0,0.8565572877550163,18.426274827847536,7,,-2.0,3.6020203011992624,3.6020203011992624,1
2017-18,2017,LAL,MIN,0,0.9843050383420094,18.442094259345843,6,,-2.0,3.5814391719296563,3.5814391719296563,1
2017-18,2017,MEM,MIN,0,0.9081192688226145,18.522654382611922,10,,-2.0,4.107485411155347,4.107485411155347,0
2017-18,2017,MIN,NYK,0,0.9670778576582711,18.459751099648685,4,,1.0,-2.7055899655197573,2.7055899655197573,1
2017-18,2017,MIN,ORL,0,0.9337685021450916,18.426274827847536,1,,2.0,0.296235631217991,0.296235631217991,1
2017-18,2017,MIN,PHX,0,0.9200252284745648,18.426274827847536,7,,2.0,3.1357086370134586,3.1357086370134586,1
2017-18,2017,MIN,SAC,0,0.9310523093078602,18.426274827847536,5,,2.0,-0.19177278474584036,0.19177278474584036,1
2017-18,2017,ATL,NOP,0,0.8453666931820023,18.585403436878742,9,,-2.0,1.7220553545384134,1.7220553545384134,0
2017-18,2017,BKN,NOP,1,0.8009750683189009,18.585403436878742,1,,-2.0,3.9611240527906437,3.9611240527906437,1
2017-18,2017,CHI,NOP,1,0.7373120132959468,18.585403436878742,6,,-2.0,0.7672707932144349,0.7672707932144349,1
2017-18,2017,DAL,NOP,0,0.7305462857425891,18.585403436878742,4,,-2.0,4.322713590658932,4.322713590658932,0
2017-18,2017,LAL,NOP,0,0.8664861283010342,18.585403436878742,3,,-2.0,4.014683069974918,4.014683069974918,0
2017-18,2017,MEM,NOP,0,0.9391791265985852,18.585403436878742,7,,-2.0,8.593731291388552,8.593731291388552,1
2017-18,2017,NOP,NYK,0,0.8819214037279165,18.585403436878742,1,,1.0,0.09792179186578481,0.09792179186578481,1
2017-18,2017,NOP,ORL,0,0.7963987006326447,18.585403436878742,2,,2.0,2.4765285612840944,2.4765285612840944,1
2017-18,2017,NOP,PHX,0,0.7846772458304077,18.585403436878742,4,,2.0,3.657970176043629,3.657970176043629,1
2017-18,2017,NOP,SAC,0,0.794082095991056,18.585403436878742,2,,2.0,1.5170946645219954,1.5170946645219954,1
2017-18,2017,ATL,NYK,0,0.9585510563737357,18.459751099648685,8,,-1.0,-3.235967220951794,3.235967220951794,1
2017-18,2017,BKN,NYK,0,0.9082159305048587,18.459751099648685,0,,-1.0,-1.4781486604043927,1.4781486604043927,1
2017-18,2017,CHI,NYK,0,0.8360291633464159,18.459751099648685,5,,-1.0,-1.4310381539631756,1.4310381539631756,1
2017-18,2017,DAL,NYK,1,0.8283575868037005,18.459751099648685,3,,-1.0,2.124404643481321,2.124404643481321,1
2017-18,2017,LAL,NYK,0,0.9824981281079733,18.459751099648685,2,,-1.0,1.1568112950660991,1.1568112950660991,1
2017-18,2017,MEM,NYK,0,0.939034289360712,18.522654382611922,6,,-1.0,2.342420362022998,2.342420362022998,0
2017-18,2017,NYK,ORL,0,0.903026842603248,18.459751099648685,3,,1.0,0.2782196141064839,0.2782196141064839,1
2017-18,2017,NYK,PHX,0,0.8897360269447436,18.459751099648685,3,,1.0,0.7359000748320987,0.7359000748320987,1
2017-18,2017,NYK,SAC,0,0.9004000726532315,18.459751099648685,1,,1.0,-3.9725344337476356,3.9725344337476356,1
2017-18,2017,ATL,OKC,0,0.7469778311357109,18.709138418047417,11,,-2.0,0.44373227646292035,0.44373227646292035,1
2017-18,2017,BKN,OKC,0,0.7077527706640057,18.709138418047417,3,,-2.0,-0.2690662522161449,0.2690662522161449,1
2017-18,2017,CHI,OKC,0,0.6514992050243177,18.709138418047417,8,,-2.0,-0.5110522848610581,0.5110522848610581,1
2017-18,2017,DAL,OKC,0,0.6455209135507805,18.709138418047417,6,,-2.0,3.0443905125834383,3.0443905125834383,1
2017-18,2017,LAL,OKC,0,0.7656392593268846,18.709138418047417,5,,-2.0,2.7363599918994246,2.7363599918994246,1
2017-18,2017,MEM,OKC,0,0.8298718091126686,18.709138418047417,9,,-2.0,7.178182622959148,7.178182622959148,1
2017-18,2017,NYK,OKC,0,0.7792780845306031,18.709138418047417,3,,-1.0,-2.073773583134971,2.073773583134971,1
2017-18,2017,OKC,ORL,0,0.7037090281835775,18.709138418047417,0,,2.0,1.1982054832086013,1.1982054832086013,1
2017-18,2017,OKC,PHX,0,0.6933517868153689,18.709138418047417,6,,2.0,2.5673740539896626,2.5673740539896626,1
2017-18,2017,OKC,SAC,0,0.7016620439284261,18.709138418047417,4,,2.0,-1.036851964776072,1.036851964776072,1
2017-18,2017,ATL,PHI,0,0.9933926010893016,18.417418649101712,9,,-2.0,-6.548537575004952,6.548537575004952,1
2017-18,2017,BKN,PHI,0,0.9537903940982793,18.410789324763872,1,,-2.0,-5.585092427975296,5.585092427975296,1
2017-18,2017,CHI,PHI,0,0.8779812800052694,18.410789324763872,6,,-2.0,-0.458068376471251,0.458068376471251,1
2017-18,2017,DAL,PHI,0,0.869924742161935,18.410789324763872,4,,-2.0,-3.9478793388844338,3.9478793388844338,1
2017-18,2017,LAL,PHI,0,0.9691799912145559,18.442094259345843,3,,-2.0,-4.2559098595684475,4.2559098595684475,1
2017-18,2017,MEM,PHI,0,0.8941649089410203,18.522654382611922,7,,-2.0,6.302147573897577,6.302147573897577,1
2017-18,2017,NYK,PHI,0,0.9522175271680031,18.459751099648685,1,,-1.0,-9.14153037464364,9.14153037464364,0
2017-18,2017,ORL,PHI,0,0.9483409166904819,18.410789324763872,2,,-2.0,1.2511893915984085,1.2511893915984085,1
2017-18,2017,PHI,PHX,0,0.9343831651481084,18.410789324763872,4,,2.0,-5.88824630472231,5.88824630472231,1
2017-18,2017,PHI,SAC,0,0.9455823348800538,18.410789324763872,2,,2.0,-8.029121816243943,8.029121816243943,1
2017-18,2017,ATL,POR,0,0.839180267134515,18.592748383565485,10,,-2.0,-1.0999147094589614,1.0999147094589614,1
2017-18,2017,BKN,POR,0,0.7951135018933484,18.592748383565485,2,,-2.0,-3.253651637870587,3.253651637870587,1
2017-18,2017,CHI,POR,1,0.7319163355611045,18.592748383565485,7,,-2.0,-3.7411905995290162,3.7411905995290162,1
2017-18,2017,DAL,POR,0,0.7252001198627842,18.592748383565485,5,,-2.0,2.254006858735743,2.254006858735743,1
2017-18,2017,LAL,POR,0,0.8601451494132442,18.592748383565485,4,,-2.0,-4.282943250088685,4.282943250088685,1
2017-18,2017,MEM,POR,0,0.9323061775471195,18.592748383565485,8,,-2.0,2.696319336604869,2.696319336604869,1
2017-18,2017,NYK,POR,0,0.8754674688995612,18.592748383565485,2,,-1.0,-6.0012382086246445,6.0012382086246445,1
2017-18,2017,ORL,POR,0,0.7905706242422279,18.592748383565485,1,,-2.0,-7.458452511940286,7.458452511940286,1
2017-18,2017,PHX,POR,0,0.7789349474980665,18.592748383565485,5,,-2.0,-2.091458705347831,2.091458705347831,1
2017-18,2017,POR,SAC,0,0.7882709726027056,18.592748383565485,3,,2.0,-3.437179091885546,3.437179091885546,1
2017-18,2017,ATL,SAS,0,0.8581254517618979,18.57042362368605,9,,-2.0,1.2590390355164796,1.2590390355164796,1
2017-18,2017,BKN,SAS,0,0.8130638430572689,18.57042362368605,1,,-2.0,1.566585614787294,1.566585614787294,1
2017-18,2017,CHI,SAS,0,0.7484399487251161,18.57042362368605,6,,-2.0,-1.570622070255581,1.570622070255581,1
2017-18,2017,DAL,SAS,0,0.7415721089343508,18.57042362368605,4,,-2.0,1.9848207271889153,1.9848207271889153,0
2017-18,2017,LAL,SAS,0,0.8795636334984636,18.57042362368605,3,,-2.0,4.352099234099095,4.352099234099095,1
2017-18,2017,MEM,SAS,0,0.9533537561838186,18.57042362368605,7,,-2.0,3.071541268657202,3.071541268657202,1
2017-18,2017,NYK,SAS,0,0.8952318669474375,18.57042362368605,1,,-1.0,-4.234102251095408,4.234102251095408,1
2017-18,2017,ORL,SAS,0,0.8084184062073555,18.57042362368605,2,,-2.0,0.13863569781407836,0.13863569781407836,1
2017-18,2017,PHX,SAS,0,0.7965200444921384,18.57042362368605,4,,-2.0,1.2634317380402795,1.2634317380402795,1
2017-18,2017,SAC,SAS,0,0.8060668380409608,18.57042362368605,2,,-2.0,-0.8774437734813545,0.8774437734813545,1
2017-18,2017,ATL,TOR,0,0.8550240362254384,18.57404434554337,9,,-2.0,-1.1534590451075717,1.1534590451075717,1
2017-18,2017,BKN,TOR,0,0.8101252880594958,18.57404434554337,1,,-2.0,3.878499408341843,3.878499408341843,1
2017-18,2017,CHI,TOR,0,0.7457349557892732,18.57404434554337,6,,-2.0,-1.4093212805065303,1.4093212805065303,1
2017-18,2017,DAL,TOR,0,0.7388919375732383,18.57404434554337,4,,-2.0,0.7350037279971502,0.7350037279971502,1
2017-18,2017,LAL,TOR,0,0.8763847366219802,18.57404434554337,3,,-2.0,1.1391686703289325,1.1391686703289325,1
2017-18,2017,MEM,TOR,0,0.9499081688922406,18.57404434554337,7,,-2.0,5.360539496054204,5.360539496054204,1
2017-18,2017,NYK,TOR,0,0.8919963423336603,18.57404434554337,1,,-1.0,0.21216621954625614,0.21216621954625614,1
2017-18,2017,ORL,TOR,0,0.8054966406312112,18.57404434554337,2,,-2.0,0.2999364875631292,0.2999364875631292,1
2017-18,2017,PHX,TOR,0,0.7936412816771943,18.57404434554337,4,,-2.0,3.5753455315948286,3.5753455315948286,1
2017-18,2017,SAC,TOR,1,0.8031535714436445,18.57404434554337,2,,-2.0,0.4964987696995762,0.4964987696995762,1
2017-18,2017,ATL,UTA,0,0.9457585757521771,18.47318659639417,8,,-1.0,1.2506435699528864,1.2506435699528864,1
2017-18,2017,BKN,UTA,0,0.896095204525872,18.47318659639417,0,,-1.0,1.3896533411952166,1.3896533411952166,1
2017-18,2017,CHI,UTA,0,0.8248718162233253,18.47318659639417,5,,-1.0,-0.528576367158418,0.528576367158418,1
2017-18,2017,DAL,UTA,0,0.8173026218058049,18.47318659639417,3,,-1.0,3.0268664302860784,3.0268664302860784,1
2017-18,2017,LAL,UTA,0,0.9693860584055135,18.47318659639417,2,,-1.0,2.7188359096020647,2.7188359096020647,1
2017-18,2017,MEM,UTA,0,0.9517358162171533,18.522654382611922,6,,-1.0,2.4335223647596793,2.4335223647596793,1
2017-18,2017,NYK,UTA,0,0.9866543565556607,18.47318659639417,0,,0.0,-2.166784605473128,2.166784605473128,0
2017-18,2017,ORL,UTA,0,0.8909753683411975,18.47318659639417,3,,-1.0,2.0051167766985674,2.0051167766985674,1
2017-18,2017,PHX,UTA,0,0.877861927169556,18.47318659639417,3,,-1.0,1.086499464448202,1.086499464448202,1
2017-18,2017,SAC,UTA,1,0.8883836543263444,18.47318659639417,1,,-1.0,-1.054376047073432,1.054376047073432,1
2017-18,2017,ATL,WAS,0,0.8061642940620093,18.63288636561822,9,,-2.0,-2.264760546623343,2.264760546623343,0
2017-18,2017,BKN,WAS,0,0.7638312530176268,18.63288636561822,1,,-2.0,-1.05251475884028,1.05251475884028,1
2017-18,2017,CHI,WAS,0,0.7031204606190893,18.63288636561822,6,,-2.0,-3.2195451079473214,3.2195451079473214,1
2017-18,2017,DAL,WAS,0,0.6966684818259121,18.63288636561822,4,,-2.0,-2.157337642447975,2.157337642447975,1
2017-18,2017,LAL,WAS,0,0.82630435238349,18.63288636561822,3,,-2.0,-0.8523681930765988,0.8523681930765988,1
2017-18,2017,MEM,WAS,0,0.8956263402597964,18.63288636561822,7,,-2.0,4.991427142620696,4.991427142620696,1
2017-18,2017,NYK,WAS,0,0.8410238439585931,18.63288636561822,1,,-1.0,-2.8862337999317735,2.8862337999317735,1
2017-18,2017,ORL,WAS,0,0.7594671063639751,18.63288636561822,2,,-2.0,-1.510287339877662,1.510287339877662,1
2017-18,2017,PHX,WAS,0,0.7482892134895147,18.63288636561822,4,,-2.0,-1.3556686355872944,1.3556686355872944,1
2017-18,2017,SAC,WAS,0,0.7572579302034174,18.63288636561822,2,,-2.0,-2.068406608637469,2.068406608637469,1
2017-18,2017,DET,LAC,1,0.9870259770849265,18.594734625849924,2,,0.0,0.3206703475149628,0.3206703475149628,1
2017-18,2017,CLE,UTA,1,0.764804042555699,18.741322225652997,2,,1.0,8.795731741203008,8.795731741203008,0
2018-19,2017,ATL,BKN,0,0.8841971900486802,18.58849653229177,0,,-2.0,2.5259612084161005,2.5259612084161005,1
2018-19,2017,BKN,CHI,0,0.9343266160049163,18.58849653229177,0,,2.0,5.23335012738062,5.23335012738062,1
2018-19,2017,BKN,CLE,0,0.9570281185819918,18.632419037880915,4,,2.0,4.3523997547405715,4.3523997547405715,1
2018-19,2017,BKN,LAC,0,0.999165072113875,18.589331808917255,3,,1.0,-1.4538442978020547,1.4538442978020547,1
2018-19,2017,BKN,MEM,0,0.9609214921523562,18.62835909922047,0,,2.0,3.8415451442633937,3.8415451442633937,0
2018-19,2017,BKN,NOP,0,0.9704143177036575,18.58849653229177,2,,2.0,9.06413059558605,9.06413059558605,1
2018-19,2017,BKN,NYK,0,0.9618636646064795,18.627379091112378,2,,2.0,2.945725893295057,2.945725893295057,1
2018-19,2017,BKN,PHX,0,0.922250380227772,18.58849653229177,1,,2.0,0.4764676843424689,0.4764676843424689,1
2018-19,2017,BKN,WAS,0,0.9956473213524686,18.592858711386597,3,,1.0,-1.628888779742039,1.628888779742039,1
2018-19,2017,ATL,BOS,0,0.8338063468661919,18.647175457843588,4,,-2.0,-15.06980783325128,15.06980783325128,1
2018-19,2017,BOS,CHI,0,0.8810788715897405,18.647175457843588,4,,2.0,-12.36241891428676,12.36241891428676,1
2018-19,2017,BOS,CLE,0,0.9853519223156171,18.647175457843588,0,,2.0,-13.243369286926809,13.243369286926809,1
2018-19,2017,BOS,LAC,0,0.9437974992058059,18.647175457843588,7,,1.0,-16.616965331316443,16.616965331316443,1
2018-19,2017,BOS,MEM,0,0.9813595637689698,18.647175457843588,4,,2.0,-13.505899269603441,13.505899269603441,0
2018-19,2017,BOS,NOP,0,0.915109916993275,18.647175457843588,2,,2.0,5.345794787133865,5.345794787133865,1
2018-19,2017,BOS,NYK,0,0.9803982945344658,18.647175457843588,2,,2.0,-6.6696094188605475,6.6696094188605475,1
2018-19,2017,BOS,PHX,0,0.8696908665716729,18.647175457843588,5,,2.0,-21.05792993862749,21.05792993862749,1
2018-19,2017,BOS,WAS,0,0.947132057839414,18.647175457843588,1,,1.0,-19.22465782140942,19.22465782140942,1
2018-19,2017,ATL,CHA,0,0.8548858255742696,18.622208712759786,5,,-2.0,1.940923824645819,1.940923824645819,1
2018-19,2017,CHA,CHI,0,0.9033534481549313,18.622208712759786,5,,2.0,4.648312743610339,4.648312743610339,1
2018-19,2017,CHA,CLE,0,0.9898416232124756,18.632419037880915,1,,2.0,3.7673623709702904,3.7673623709702904,1
2018-19,2017,CHA,LAC,0,0.9676576669342226,18.622208712759786,8,,1.0,-1.3158251998630415,1.3158251998630415,1
2018-19,2017,CHA,MEM,0,0.9938684884004831,18.62835909922047,5,,2.0,0.8937086411656314,0.8937086411656314,0
2018-19,2017,CHA,NOP,0,0.9382448332520812,18.622208712759786,3,,2.0,6.825826838074238,6.825826838074238,1
2018-19,2017,CHA,NYK,0,0.9948429650049085,18.627379091112378,3,,2.0,1.535523319307858,1.535523319307858,1
2018-19,2017,CHA,PHX,0,0.8916775427026586,18.622208712759786,6,,2.0,3.093142843140039,3.093142843140039,0
2018-19,2017,CHA,WAS,0,0.9710765266264425,18.622208712759786,2,,1.0,-2.2139261635123204,2.2139261635123204,1
2018-19,2017,ATL,DAL,0,0.844858855104863,18.465421357845116,0,,-1.0,-3.1715763712861733,3.1715763712861733,1
2018-19,2017,CHI,DAL,0,0.7995296429268524,18.52056732694015,0,,-1.0,-0.4641874523216529,0.4641874523216529,1
2018-19,2017,CLE,DAL,0,0.7149208923620468,18.632419037880915,4,,-1.0,-1.3451378249617019,1.3451378249617019,1
2018-19,2017,DAL,LAC,0,0.7463981163176678,18.589331808917255,3,,0.0,-7.347535552441616,7.347535552441616,1
2018-19,2017,DAL,MEM,0,0.7178293273946015,18.62835909922047,0,,1.0,-4.21879155476636,4.21879155476636,1
2018-19,2017,DAL,NOP,0,0.7697967889006234,18.558464365523335,2,,1.0,8.883102216461074,8.883102216461074,0
2018-19,2017,DAL,NYK,1,0.718533150781378,18.627379091112378,2,,1.0,4.066298617734252,4.066298617734252,0
2018-19,2017,DAL,PHX,0,0.8099989348738137,18.50755800278189,1,,1.0,3.093142843140039,3.093142843140039,0
2018-19,2017,DAL,WAS,0,0.7437702797216249,18.592858711386597,3,,0.0,-7.326426359444313,7.326426359444313,1
2018-19,2017,ATL,DEN,0,0.8917532599911276,18.579987155836672,4,,-2.0,0.14417871524098036,0.14417871524098036,1
2018-19,2017,CHI,DEN,0,0.9423110761899058,18.579987155836672,4,,-2.0,2.8515676342055007,2.8515676342055007,1
2018-19,2017,CLE,DEN,0,0.9489189568605463,18.632419037880915,0,,-2.0,1.9706172615654518,1.9706172615654518,1
2018-19,2017,DEN,LAC,0,0.9906988724287535,18.589331808917255,7,,1.0,-4.031780465914462,4.031780465914462,0
2018-19,2017,DEN,MEM,0,0.9527793408088598,18.62835909922047,4,,2.0,-0.9030364682392071,0.9030364682392071,1
2018-19,2017,DEN,NOP,0,0.9787071719902872,18.579987155836672,2,,2.0,10.518362285416618,10.518362285416618,1
2018-19,2017,DEN,NYK,0,0.9537135299773809,18.627379091112378,2,,2.0,3.4690820168560195,3.4690820168560195,1
2018-19,2017,DEN,PHX,0,0.9301316407156797,18.579987155836672,5,,2.0,3.093142843140039,3.093142843140039,0
2018-19,2017,DEN,WAS,0,0.9872109285343201,18.592858711386597,1,,1.0,-4.010671272917159,4.010671272917159,1
2018-19,2017,ATL,DET,0,0.8511707612505287,18.626563867441302,4,,-1.0,0.18637947476844996,0.18637947476844996,0
2018-19,2017,CHI,DET,0,0.8994277588212543,18.626563867441302,4,,-1.0,0.15071660631213302,0.15071660631213302,1
2018-19,2017,CLE,DET,0,0.9941619376170114,18.632419037880915,0,,-1.0,2.0128180210929214,2.0128180210929214,0
2018-19,2017,DET,LAC,0,0.9634525317354881,18.626563867441302,7,,0.0,-10.679901977434502,10.679901977434502,1
2018-19,2017,DET,MEM,0,0.9982063786709645,18.62835909922047,4,,1.0,-0.8608357087117375,0.8608357087117375,0
2018-19,2017,DET,NOP,1,0.9341675169571158,18.626563867441302,2,,1.0,-3.0550169237897578,3.0550169237897578,1
2018-19,2017,DET,NYK,0,0.9991851085268316,18.627379091112378,2,,1.0,-7.426110285909555,7.426110285909555,1
2018-19,2017,DET,PHX,0,0.8878025931736379,18.626563867441302,5,,1.0,-1.6092380098350922,1.6092380098350922,1
2018-19,2017,DET,WAS,0,0.9668565341411668,18.626563867441302,1,,0.0,-3.9684705133896894,3.9684705133896894,0
2018-19,2017,ATL,GSW,0,0.7153582656237216,18.80039314610302,4,,-2.0,2.4670925683761773,2.4670925683761773,1
2018-19,2017,CHI,GSW,0,0.755915394296333,18.80039314610302,4,,-2.0,5.174481487340698,5.174481487340698,1
2018-19,2017,CLE,GSW,0,0.845375721624026,18.80039314610302,0,,-2.0,4.293531114700649,4.293531114700649,1
2018-19,2017,GSW,LAC,0,0.809724397840568,18.80039314610302,7,,1.0,-1.708866612779265,1.708866612779265,0
2018-19,2017,GSW,MEM,0,0.8419505058093328,18.80039314610302,4,,2.0,0.3671208905702832,0.3671208905702832,1
2018-19,2017,GSW,NOP,0,0.785112089318782,18.80039314610302,2,,2.0,10.906321003126665,10.906321003126665,1
2018-19,2017,GSW,NYK,0,0.8411257916596063,18.80039314610302,2,,2.0,5.866854433694131,5.866854433694131,1
2018-19,2017,GSW,PHX,0,0.7461451358313343,18.80039314610302,5,,2.0,2.0403863488143323,2.0403863488143323,1
2018-19,2017,GSW,WAS,0,0.8125852588663013,18.80039314610302,1,,1.0,-1.687757419781962,1.687757419781962,1
2018-19,2017,ATL,HOU,0,0.8525562063158891,18.62493749727069,4,,-2.0,-5.84539930443956,5.84539930443956,0
2018-19,2017,CHI,HOU,0,0.9008917514850486,18.62493749727069,4,,-2.0,-3.13801038547504,3.13801038547504,0
2018-19,2017,CLE,HOU,1,0.992546376390154,18.632419037880915,0,,-2.0,-4.018960758115089,4.018960758115089,0
2018-19,2017,HOU,LAC,0,0.9650207371022241,18.62493749727069,7,,1.0,-7.484705013028197,7.484705013028197,1
2018-19,2017,HOU,MEM,0,0.9965842450318029,18.62835909922047,4,,2.0,3.8415451442633937,3.8415451442633937,0
2018-19,2017,HOU,NOP,0,0.935688055297374,18.62493749727069,2,,2.0,7.441106497157824,7.441106497157824,1
2018-19,2017,HOU,NYK,0,0.9975613844043223,18.627379091112378,2,,2.0,2.5239233578064137,2.5239233578064137,1
2018-19,2017,HOU,PHX,0,0.8892476636315557,18.62493749727069,5,,2.0,-7.641016789043102,7.641016789043102,1
2018-19,2017,HOU,WAS,0,0.9684302801802922,18.62493749727069,1,,1.0,-10.0002492925977,10.0002492925977,0
2018-19,2017,ATL,IND,0,0.9501115305375333,18.516597258080694,1,,-2.0,0.7639235293854361,0.7639235293854361,1
2018-19,2017,CHI,IND,0,0.9960378014094025,18.52056732694015,1,,-2.0,3.4713124483499564,3.4713124483499564,1
2018-19,2017,CLE,IND,0,0.8906339372273768,18.632419037880915,3,,-2.0,2.5903620757099075,2.5903620757099075,1
2018-19,2017,IND,LAC,0,0.9298476239500548,18.589331808917255,4,,1.0,0.30756588776244564,0.30756588776244564,0
2018-19,2017,IND,MEM,0,0.8942572065595346,18.62835909922047,1,,2.0,-0.28329165409475143,0.28329165409475143,0
2018-19,2017,IND,NOP,0,0.9589972153399487,18.558464365523335,1,,2.0,9.037457129584414,9.037457129584414,1
2018-19,2017,IND,NYK,0,0.8951340154495453,18.627379091112378,1,,2.0,5.4203338266963295,5.4203338266963295,1
2018-19,2017,IND,PHX,0,0.9910014758685087,18.516597258080694,2,,2.0,3.093142843140039,3.093142843140039,0
2018-19,2017,IND,WAS,0,0.9265739184549038,18.592858711386597,2,,1.0,-3.3909264587727033,3.3909264587727033,1
2018-19,2017,ATL,LAC,0,0.8834589491578753,18.589331808917255,3,,-1.0,0.35902267744716787,0.35902267744716787,1
2018-19,2017,CHI,LAC,0,0.933546520658465,18.589331808917255,3,,-1.0,3.0664115964116885,3.0664115964116885,1
2018-19,2017,CLE,LAC,0,0.957827835752168,18.632419037880915,7,,-1.0,3.1227990591071597,3.1227990591071597,1
2018-19,2017,LAC,MEM,1,0.9617244627250541,18.62835909922047,3,,1.0,0.24914532930250077,0.24914532930250077,0
2018-19,2017,LAC,NOP,0,0.9696040917287118,18.589331808917255,5,,1.0,7.719998276240456,7.719998276240456,1
2018-19,2017,LAC,NYK,0,0.9626674224825743,18.627379091112378,5,,1.0,3.348904914120659,3.348904914120659,1
2018-19,2017,LAC,PHX,0,0.9214803676673304,18.589331808917255,2,,1.0,2.155805007804519,2.155805007804519,1
2018-19,2017,LAC,WAS,0,0.9964793097160972,18.592858711386597,6,,0.0,-2.858489475375451,2.858489475375451,1
2018-19,2017,ATL,LAL,0,0.9970806386661165,18.46834498879817,3,,-1.0,4.496941528102207,4.496941528102207,0
2018-19,2017,CHI,LAL,0,0.9491178178289968,18.52056732694015,3,,-1.0,7.204330447066727,7.204330447066727,0
2018-19,2017,CLE,LAL,0,0.84867917441443,18.632419037880915,1,,-1.0,6.436359755999414,6.436359755999414,1
2018-19,2017,LAC,LAL,1,0.8860456365292149,18.589331808917255,6,,0.0,-0.36932874385384074,0.36932874385384074,1
2018-19,2017,LAL,MEM,0,0.8521317637409376,18.62835909922047,3,,1.0,2.7594152538214143,2.7594152538214143,1
2018-19,2017,LAL,NOP,0,0.9138220889203137,18.558464365523335,1,,1.0,7.277999005018077,7.277999005018077,1
2018-19,2017,LAL,NYK,0,0.8529672691195112,18.627379091112378,1,,1.0,1.8577061593545476,1.8577061593545476,1
2018-19,2017,LAL,PHX,0,0.9615458642620717,18.50755800278189,4,,1.0,2.7013240434986647,2.7013240434986647,1
2018-19,2017,LAL,WAS,0,0.8829261442655919,18.592858711386597,0,,0.0,0.4550712215168024,0.4550712215168024,1
2018-19,2017,ATL,MIA,0,0.6892838452673693,18.837523480671155,3,,-2.0,-9.85716186261576,9.85716186261576,0
2018-19,2017,CHI,MIA,0,0.7283626886215964,18.837523480671155,3,,-2.0,-7.149772943651239,7.149772943651239,0
2018-19,2017,CLE,MIA,0,0.8145622355934137,18.837523480671155,1,,-2.0,-8.030723316291288,8.030723316291288,0
2018-19,2017,LAC,MIA,0,0.7802103832038871,18.837523480671155,6,,-1.0,-20.062933683706373,20.062933683706373,1
2018-19,2017,MEM,MIA,0,0.8112618670353405,18.837523480671155,3,,-2.0,-10.904377046095947,10.904377046095947,0
2018-19,2017,MIA,NOP,0,0.7564951799637151,18.837523480671155,1,,2.0,-3.7513643548776088,3.7513643548776088,1
2018-19,2017,MIA,NYK,0,0.8104672132685679,18.837523480671155,1,,2.0,-9.126677176187764,9.126677176187764,1
2018-19,2017,MIA,PHX,1,0.7189485507725866,18.837523480671155,4,,2.0,-11.652779347219301,11.652779347219301,1
2018-19,2017,MIA,WAS,0,0.7829669673986243,18.837523480671155,0,,1.0,-14.012011850773899,14.012011850773899,0
2018-19,2017,ATL,MIL,0,0.8362505105334317,18.6442484133158,4,,-2.0,3.5995140904326504,3.5995140904326504,1
2018-19,2017,CHI,MIL,0,0.8836616067464181,18.6442484133158,4,,-2.0,6.306903009397171,6.306903009397171,1
2018-19,2017,CLE,MIL,0,0.9882403164577587,18.6442484133158,0,,-2.0,5.425952636757122,5.425952636757122,1
2018-19,2017,LAC,MIL,0,0.9465640835157726,18.6442484133158,7,,-1.0,-1.3070107019704373,1.3070107019704373,1
2018-19,2017,MEM,MIL,0,0.9842362549806372,18.6442484133158,4,,-2.0,3.1109795330157484,3.1109795330157484,1
2018-19,2017,MIL,NOP,1,0.9177924084603312,18.6442484133158,2,,2.0,10.225735539742809,10.225735539742809,1
2018-19,2017,MIL,NYK,0,0.9832721679463572,18.6442484133158,2,,2.0,5.8546421776230115,5.8546421776230115,1
2018-19,2017,MIL,PHX,0,0.8722402196988037,18.6442484133158,5,,2.0,3.093142843140039,3.093142843140039,0
2018-19,2017,MIL,WAS,0,0.9499084168495724,18.6442484133158,1,,1.0,-0.5553358977254891,0.5553358977254891,1
2018-19,2017,ATL,MIN,0,0.8764391331527845,18.597309376761547,3,,-1.0,-1.2352691925343935,1.2352691925343935,0
2018-19,2017,CHI,MIN,0,0.9261287172467029,18.597309376761547,3,,-1.0,1.472119726430127,1.472119726430127,0
2018-19,2017,CLE,MIN,0,0.9654995324133466,18.632419037880915,1,,-1.0,0.591169353790078,0.591169353790078,0
2018-19,2017,LAC,MIN,0,0.9920541684344449,18.597309376761547,6,,0.0,0.7128011465881386,0.7128011465881386,0
2018-19,2017,MEM,MIN,0,0.9694273693166835,18.62835909922047,3,,-1.0,-2.282484376014581,2.282484376014581,0
2018-19,2017,MIN,NOP,0,0.9618997809305624,18.597309376761547,1,,1.0,5.473265236411521,5.473265236411521,1
2018-19,2017,MIN,NYK,0,0.9703778816853865,18.627379091112378,1,,1.0,0.9035062373689233,0.9035062373689233,1
2018-19,2017,MIN,PHX,0,0.9141584398748801,18.597309376761547,4,,1.0,2.552971722047681,2.552971722047681,1
2018-19,2017,MIN,WAS,0,0.9955592241218606,18.597309376761547,0,,0.0,-5.390119180692533,5.390119180692533,0
2018-19,2017,ATL,OKC,0,0.7296488688626135,18.78061321737602,4,,-2.0,-8.047503328880644,8.047503328880644,0
2018-19,2017,CHI,OKC,0,0.7710162011244204,18.78061321737602,4,,-2.0,-12.981840317454372,12.981840317454372,1
2018-19,2017,CLE,OKC,0,0.8622636638007862,18.78061321737602,0,,-2.0,-13.862790690094421,13.862790690094421,1
2018-19,2017,LAC,OKC,0,0.8259001389460421,18.78061321737602,7,,-1.0,-11.921652921777016,11.921652921777016,1
2018-19,2017,MEM,OKC,0,0.8587700229708699,18.78061321737602,4,,-2.0,-14.09513635799488,14.09513635799488,1
2018-19,2017,NOP,OKC,0,0.8007961540813939,18.78061321737602,2,,-2.0,-0.8772518048994735,0.8772518048994735,1
2018-19,2017,NYK,OKC,0,0.857928833632045,18.78061321737602,2,,-2.0,-5.248345167019271,5.248345167019271,1
2018-19,2017,OKC,PHX,0,0.7610507636924981,18.78061321737602,5,,2.0,-9.843120813484187,9.843120813484187,1
2018-19,2017,OKC,WAS,0,0.8288181509572397,18.78061321737602,1,,1.0,-17.202771162672832,17.202771162672832,1
2018-19,2017,ATL,ORL,0,0.9230082251763361,18.54553849027757,4,,-1.0,2.3673111822796358,2.3673111822796358,1
2018-19,2017,CHI,ORL,0,0.9753380368990204,18.54553849027757,4,,-1.0,5.074700101244156,5.074700101244156,1
2018-19,2017,CLE,ORL,0,0.9167866007760763,18.632419037880915,0,,-1.0,4.193749728604107,4.193749728604107,1
2018-19,2017,LAC,ORL,0,0.9571517620973473,18.589331808917255,7,,0.0,-1.8086479988758066,1.8086479988758066,1
2018-19,2017,MEM,ORL,0,0.9205162641494101,18.62835909922047,4,,-1.0,1.3200959987994483,1.3200959987994483,1
2018-19,2017,NOP,ORL,0,0.9871573049891291,18.558464365523335,2,,-1.0,6.402232463464358,6.402232463464358,1
2018-19,2017,NYK,ORL,0,0.9214188197429076,18.627379091112378,2,,-1.0,-1.5539160347210348,1.5539160347210348,1
2018-19,2017,ORL,PHX,0,0.9627317256859534,18.54553849027757,5,,1.0,3.093142843140039,3.093142843140039,0
2018-19,2017,ORL,WAS,0,0.9537819271883108,18.592858711386597,1,,0.0,-1.7875388058785036,1.7875388058785036,1
2018-19,2017,ATL,PHI,0,0.9286316736530204,18.53946445210232,4,,-2.0,-0.25137996719651934,0.25137996719651934,1
2018-19,2017,CHI,PHI,0,0.9812803059365517,18.53946445210232,4,,-2.0,2.456008951768001,2.456008951768001,1
2018-19,2017,CLE,PHI,0,0.9112348816608987,18.632419037880915,0,,-2.0,1.575058579127952,1.575058579127952,1
2018-19,2017,LAC,PHI,1,0.9513556065587919,18.589331808917255,7,,-1.0,-0.5381615250619757,0.5381615250619757,1
2018-19,2017,MEM,PHI,0,0.914941959578222,18.62835909922047,4,,-2.0,-1.2985951506767068,1.2985951506767068,1
2018-19,2017,NOP,PHI,0,0.9811794470283386,18.558464365523335,2,,-2.0,4.797301534381659,4.797301534381659,0
2018-19,2017,NYK,PHI,0,0.9158390496302983,18.627379091112378,2,,-2.0,4.512008854341277,4.512008854341277,0
2018-19,2017,PHI,PHX,0,0.9685971904874507,18.53946445210232,5,,2.0,3.093142843140039,3.093142843140039,0
2018-19,2017,PHI,WAS,0,0.9480061781182438,18.592858711386597,1,,1.0,-4.406229955354659,4.406229955354659,1
2018-19,2017,ATL,POR,0,0.7930875145783662,18.6972430604399,5,,-2.0,-0.29998613618746095,0.29998613618746095,1
2018-19,2017,CHI,POR,0,0.8380514912640223,18.6972430604399,5,,-2.0,2.4074027827770594,2.4074027827770594,1
2018-19,2017,CLE,POR,1,0.937232380146079,18.6972430604399,1,,-2.0,1.5264524101370105,1.5264524101370105,1
2018-19,2017,LAC,POR,0,0.8977072622721721,18.6972430604399,8,,-1.0,-5.6373393971449826,5.6373393971449826,1
2018-19,2017,MEM,POR,0,0.9334349879470792,18.6972430604399,5,,-2.0,-1.3472013196676484,1.3472013196676484,1
2018-19,2017,NOP,POR,0,0.8704206346736778,18.6972430604399,3,,-2.0,5.2066371216111,5.2066371216111,1
2018-19,2017,NYK,POR,0,0.9325206621795928,18.6972430604399,3,,-2.0,-1.3610769415135167,1.3610769415135167,1
2018-19,2017,PHX,POR,0,0.8272196180961937,18.6972430604399,6,,-2.0,3.093142843140039,3.093142843140039,0
2018-19,2017,POR,WAS,0,0.900878978137473,18.6972430604399,2,,1.0,-4.454836124345601,4.454836124345601,1
2018-19,2017,ATL,SAC,0,0.9896154894787368,18.465421357845116,1,,-1.0,-1.2969790543186726,1.2969790543186726,1
2018-19,2017,CHI,SAC,0,0.9365196495923693,18.52056732694015,1,,-1.0,1.4104098646458478,1.4104098646458478,1
2018-19,2017,CLE,SAC,1,0.8374141841072713,18.632419037880915,3,,-1.0,0.5294594920057989,0.5294594920057989,1
2018-19,2017,LAC,SAC,0,0.8742846604052412,18.589331808917255,4,,0.0,-2.3794379005266437,2.3794379005266437,1
2018-19,2017,MEM,SAC,0,0.8408209452969868,18.62835909922047,1,,-1.0,-2.34419423779886,2.34419423779886,1
2018-19,2017,NOP,SAC,0,0.9016924205079156,18.558464365523335,1,,-1.0,2.6705475707408723,2.6705475707408723,1
2018-19,2017,NYK,SAC,0,0.8416453605483664,18.627379091112378,1,,-1.0,3.6511591097334697,3.6511591097334697,0
2018-19,2017,PHX,SAC,0,0.9487827316586656,18.50755800278189,2,,-1.0,3.093142843140039,3.093142843140039,0
2018-19,2017,SAC,WAS,0,0.8712065748959872,18.592858711386597,2,,0.0,-5.451829042476812,5.451829042476812,1
2018-19,2017,ATL,SAS,0,0.8543887343455131,18.62279035277288,3,,-2.0,-2.4386352333359644,2.4386352333359644,1
2018-19,2017,CHI,SAS,0,0.9028281744141449,18.62279035277288,3,,-2.0,0.26875368562855595,0.26875368562855595,1
2018-19,2017,CLE,SAS,0,0.9904175221785755,18.632419037880915,1,,-2.0,-0.612196687011493,0.612196687011493,1
2018-19,2017,LAC,SAS,0,0.9670950021615919,18.62279035277288,6,,-1.0,0.02129858211743607,0.02129858211743607,1
2018-19,2017,MEM,SAS,0,0.9944467302338095,18.62835909922047,3,,-2.0,-3.485850416816152,3.485850416816152,1
2018-19,2017,NOP,SAS,0,0.9376992711862668,18.62279035277288,1,,-2.0,10.102707354256218,10.102707354256218,1
2018-19,2017,NYK,SAS,0,0.9954217737976917,18.627379091112378,1,,-2.0,-0.36665163115105814,0.36665163115105814,1
2018-19,2017,PHX,SAS,0,0.8911590581611014,18.62279035277288,4,,-2.0,3.093142843140039,3.093142843140039,0
2018-19,2017,SAS,WAS,0,0.9705118738863961,18.62279035277288,0,,1.0,-6.593485221494104,6.593485221494104,1
2018-19,2017,ATL,TOR,0,0.7739490337609438,18.72167061109807,7,,-2.0,-33.9190352523762,33.9190352523762,1
2018-19,2017,CHI,TOR,0,0.8178279571713242,18.72167061109807,7,,-2.0,-31.21164633341168,31.21164633341168,1
2018-19,2017,CLE,TOR,0,0.9146154512458314,18.72167061109807,3,,-2.0,-32.09259670605172,32.09259670605172,1
2018-19,2017,LAC,TOR,0,0.8760441382122873,18.72167061109807,10,,-1.0,-0.21286516609685113,0.21286516609685113,1
2018-19,2017,MEM,TOR,1,0.9109096962450234,18.72167061109807,7,,-2.0,-33.263264655505,33.263264655505,0
2018-19,2017,NOP,TOR,0,0.8494159809455868,18.72167061109807,5,,-2.0,-26.708164796555867,26.708164796555867,1
2018-19,2017,NYK,TOR,0,0.91001743463293,18.72167061109807,5,,-2.0,-31.079258158675664,31.079258158675664,1
2018-19,2017,PHX,TOR,0,0.8072574745726682,18.72167061109807,8,,-2.0,-34.01166695662835,34.01166695662835,1
2018-19,2017,TOR,WAS,0,0.8791393154584187,18.72167061109807,4,,1.0,-36.37089946018295,36.37089946018295,0
2018-19,2017,ATL,UTA,0,0.9358501666881205,18.531721250874792,5,,-2.0,-4.161761895848063,4.161761895848063,1
2018-19,2017,CHI,UTA,0,0.98890805034249,18.531721250874792,5,,-2.0,-1.4543729768835423,1.4543729768835423,1
2018-19,2017,CLE,UTA,0,0.9042062537023362,18.632419037880915,1,,-2.0,-2.335323349523591,2.335323349523591,1
2018-19,2017,LAC,UTA,0,0.9440175154152588,18.589331808917255,8,,-1.0,-15.210219323712884,15.210219323712884,1
2018-19,2017,MEM,UTA,0,0.9078847378157802,18.62835909922047,5,,-2.0,-5.20897707932825,5.20897707932825,1
2018-19,2017,NOP,UTA,0,0.9736113156578841,18.558464365523335,3,,-2.0,9.703506455555756,9.703506455555756,1
2018-19,2017,NYK,UTA,0,0.9087749083432111,18.627379091112378,3,,-2.0,6.493126245080152,6.493126245080152,1
2018-19,2017,PHX,UTA,0,0.9761263457722873,18.531721250874792,6,,-2.0,4.32599466234081,4.32599466234081,1
2018-19,2017,UTA,WAS,0,0.9406939221209022,18.592858711386597,2,,1.0,-8.316611884006202,8.316611884006202,1
2018-19,2017,ATL,WAS,0,0.8803485638193481,18.592858711386597,3,,-1.0,3.95342131643119,3.95342131643119,1
2018-19,2017,CHI,WAS,1,0.9302597924936115,18.592858711386597,3,,-1.0,6.299505561353497,6.299505561353497,1
2018-19,2017,CLE,WAS,0,0.9612119653794506,18.632419037880915,1,,-1.0,5.175461650092118,5.175461650092118,1
2018-19,2017,MEM,WAS,0,0.9651223596394138,18.62835909922047,3,,-1.0,2.544901458908789,2.544901458908789,1
2018-19,2017,NOP,WAS,1,0.96619041602373,18.592858711386597,1,,-1.0,8.391631737642525,8.391631737642525,1
2018-19,2017,NYK,WAS,0,0.966068650995718,18.627379091112378,1,,-1.0,1.7969937755412047,1.7969937755412047,1
2018-19,2017,PHX,WAS,0,0.9182361206900769,18.592858711386597,4,,-1.0,2.488744630476496,2.488744630476496,1
2018-19,2017,DET,LAL,1,0.8536629117472541,18.626563867441302,1,,0.0,0.0,0.0,0
2018-19,2017,DAL,SAC,1,0.8537243647528983,18.45498255218137,1,,0.0,-0.4302029559773987,0.4302029559773987,1
2018-19,2017,HOU,SAC,1,0.8437028274214335,18.62493749727069,3,,1.0,-4.976891573401849,4.976891573401849,0
2018-19,2017,DET,MIL,1,0.9824709078408939,18.6442484133158,0,,-1.0,-3.7619868904113196,3.7619868904113196,1
2018-19,2017,ORL,PHI,1,0.9939443714486251,18.54553849027757,0,,-1.0,-6.398692895864707,6.398692895864707,1
2018-19,2017,POR,SAC,1,0.7848516889389447,18.6972430604399,4,,1.0,-7.347133461864333,7.347133461864333,1
2018-19,2017,ATL,MEM,1,0.8496440832184984,18.62835909922047,0,,0.0,0.10272694644483549,0.10272694644483549,1
