feed,url,title,summary,published_at,fetched_at
yahoo-nba,https://sports.yahoo.com/nba/article/ben-simmons-to-be-a-full-participant-at-australian-basketball-minicamp-ahead-of-possible-nba-return-034944302.html,Ben Simmons to be a full participant at Australian basketball minicamp ahead of possible NBA return,Ben Simmons missed all of last season after a rough go with the Clippers in 2025.,2026-08-10T03:49:44+00:00,2026-08-10T04:54:02.714567+00:00
__poll__,poll://2026-08-10/2026-08-10T04:54:02.714567+00:00,"poll ran: 1/3 feeds reachable, 18 item(s) appended",,2026-08-10,2026-08-10T04:54:02.714567+00:00
yahoo-nba,https://sports.yahoo.com/articles/victor-wembanyama-thinks-could-score-153500170.html,Victor Wembanyama thinks he could score 100 points in an NBA game,"Wilt Chamberlain is the only player to score 100 points in a game, and it took some chicanery even for him.",2026-08-10T15:35:00+00:00,2026-08-10T16:08:44.927741+00:00
yahoo-nba,https://sports.yahoo.com/articles/kawhi-leonard-next-team-odds-101100876.html,Kawhi Leonard Next Team Odds: Trade Hits Another Snag As Second &#39;Secret Sponsor&#39; Info Leaks,"Kawhi Leonard next team odds still favor Toronto, but a reported second Clippers sponsor deal has tightened the market.",2026-08-10T14:24:00+00:00,2026-08-10T16:08:44.927741+00:00
yahoo-nba,https://sports.yahoo.com/articles/end-summer-disjointed-basketball-thoughts-123011812.html,End of Summer Disjointed Basketball Thoughts: Part Deux,"Thoughts on Portland’s owner, LeBron joins Philly, and more.",2026-08-10T12:30:11+00:00,2026-08-10T16:08:44.927741+00:00
yahoo-nba,https://sports.yahoo.com/articles/buttoned-down-brown-might-just-122805920.html,Buttoned-down Brown might be just what the Sixers need,"Jaylen Brown’s introductory press conference was a big moment, but the newest Sixer was all business.",2026-08-10T12:28:05+00:00,2026-08-10T16:08:44.927741+00:00
yahoo-nba,https://sports.yahoo.com/articles/remembering-don-nelson-121810570.html,Remembering Don Nelson,"A winner and pioneer, Don Nelson leaves a legacy as one of the most influential figures in Milwaukee Bucks history.",2026-08-10T12:18:10+00:00,2026-08-10T16:08:44.927741+00:00
yahoo-nba,https://sports.yahoo.com/articles/khaman-maluach-summer-league-success-120000927.html,Has Khaman Maluach’s Summer League success now forced a discussion about starting?,"With Khaman Maluach’s impressive Summer League run, do we need to consider starting him from the jump this season?",2026-08-10T12:00:00+00:00,2026-08-10T16:08:44.927741+00:00
yahoo-nba,https://sports.yahoo.com/articles/open-thread-basketball-world-mourns-110000297.html,Open Thread: The basketball world mourns the death of Don Nelson,A legend has left the building,2026-08-10T11:00:00+00:00,2026-08-10T16:08:44.927741+00:00
yahoo-nba,https://sports.yahoo.com/articles/banner-years-1963-celts-greet-100000689.html,"Banner Years: 1963, Celts greet Hondo, bid Cooz adieu","It’s History Month at CelticsBlog, celebrating all 18 banners hanging in TD Garden. Today’s chapter features the one-season overlap of two Celtics legends, with yet another dramatic ending",2026-08-10T10:00:00+00:00,2026-08-10T16:08:44.927741+00:00
yahoo-nba,https://sports.yahoo.com/articles/youtube-gold-don-nelson-biggest-094300252.html,YouTube Gold: Don Nelson’s Biggest Moment As An NBA Player,"Don Nelson, who died Sunday, was an unlikely candidate for a historical basketball figure. He was not particularly gifted. He didn’t run fast or jump high. At 6-6, in his day, he was kind of too tall for a guard and verging on too small for a forward. Nonetheless, he built a remarkable career, first […]",2026-08-10T09:43:00+00:00,2026-08-10T16:08:44.927741+00:00
yahoo-nba,https://sports.yahoo.com/articles/sb-nation-reacts-results-consider-092800358.html,SB Nation Reacts results: Do you consider Jabari Smith Jr. a Rockets draft bust?,Is Smith living up to expectations?,2026-08-10T09:28:00+00:00,2026-08-10T16:08:44.927741+00:00
yahoo-nba,https://sports.yahoo.com/articles/dan-hurley-swats-away-roster-081525511.html,Dan Hurley swats away roster moves amid &#39;total chaos&#39; of re-opened transfer portal,UConn basketball coach Dan Hurley made it clear he has no intention of shopping for any more players after latest court case goes vs. NCAA.,2026-08-10T08:15:25+00:00,2026-08-10T16:08:44.927741+00:00
yahoo-nba,https://sports.yahoo.com/articles/nba-world-reacts-passing-don-055755896.html,NBA world reacts to the death of Don Nelson,"&quot;One of the big reasons I was drafted by the Warriors was because of Don Nelson,&quot; Stephen Curry said.",2026-08-10T05:57:55+00:00,2026-08-10T16:08:44.927741+00:00
yahoo-nba,https://sports.yahoo.com/articles/nba-offseason-rumors-kevin-love-035422527.html,NBA Offseason Rumors: New Kevin Love Information,There’s new intel on Kevin Love and there’s an interesting pattern,2026-08-10T03:54:22+00:00,2026-08-10T16:08:44.927741+00:00
yahoo-nba,https://sports.yahoo.com/articles/don-nelson-reason-steph-curry-025038462.html,Don Nelson was reason Steph Curry ended up on Warriors,"Stephen Curry, if you remember, was no sure thing. Six teams passed on him in the draft. There were questions about his size. About his playmaking ability. About his ankles....",2026-08-10T02:50:38+00:00,2026-08-10T16:08:44.927741+00:00
__poll__,poll://2026-08-10/2026-08-10T16:08:44.927741+00:00,"poll ran: 1/3 feeds reachable, 14 item(s) appended",,2026-08-10,2026-08-10T16:08:44.927741+00:00
feed,url,title,summary,published_at,fetched_at
espn-nba,https://www.espn.com/nba/story/_/id/49568985/don-nelson-second-winningest-coach-nba-history-dies-86,"Nelson, second-winningest NBA coach, dies at 86","Don Nelson, the second-winningest coach in NBA history and a five-time champion as a player, died at the age of 86 on Sunday.",2026-08-10T03:52:39+00:00,2026-08-10T04:00:03.375794+00:00
espn-nba,https://www.espn.com/olympics/basketball/story/_/id/49572286/ben-simmons-participate-minicamp-australia-men-basketball-team,Simmons set for Australia national team minicamp,"Free agent forward Ben Simmons is expected to be a full participant with ""zero restrictions"" at a player-led private minicamp for the Australian men's basketball team in Melbourne, a source told ESPN Andscape.",2026-08-10T03:52:39+00:00,2026-08-10T04:00:03.375794+00:00
espn-nba,https://www.espn.com/nba/story/_/id/49563665/tyler-herro-focused-winning-bucks-not-contract-status,"Herro focused on winning with Bucks, not contract","Bucks guard Tyler Herro said Saturday he isn't dwelling on his contract status as he hopes to help Milwaukee ""win as many games as possible"" next season.",2026-08-10T03:52:39+00:00,2026-08-10T04:00:03.375794+00:00
espn-nba,https://www.espn.com/nba/story/_/id/49555855/coroner-finds-grizzlies-brandon-clarke-died-effects-cocaine-heroin,Coroner: Grizzlies' Clarke died from drug mixture,"Grizzlies forward Brandon Clarke died from ""the effects of heroin and cocaine,"" the Los Angeles County medical examiner's office announced.",2026-08-10T03:52:39+00:00,2026-08-10T04:00:03.375794+00:00
espn-nba,https://www.espn.com/nba/story/_/id/49550010/report-leonard-had-undisclosed-sponsorship-deal-daktronics,"Report: Kawhi, Daktronics had undisclosed deal","Kawhi Leonard had an undisclosed sponsorship agreement allegedly worth millions of dollars with the company that designed the Clippers' videoboard, Pablo Torre reported on his podcast Thursday.",2026-08-10T03:52:39+00:00,2026-08-10T04:00:03.375794+00:00
espn-nba,https://www.espn.com/nba/story/_/id/49554259/james-harden-misdemeanor-gun-charge-dismissed-texas-judge,Harden's misdemeanor gun charge dismissed,A misdemeanor gun charge against All-Star Cleveland Cavaliers guard James Harden in Texas has been dismissed.,2026-08-10T03:52:39+00:00,2026-08-10T04:00:03.375794+00:00
espn-nba,https://www.espn.com/nba/story/_/id/49522331/nba-free-agency-2027-preview-bobby-marks-stars-teams-salary-cap-extension-decisions,🏀 Marks: 10 questions for summer of 2027,Golden State's franchise-altering 2027 offseason is just one of the storylines our resident GM is watching closely.,2026-08-10T03:52:39+00:00,2026-08-10T04:00:03.375794+00:00
yahoo-nba,https://sports.yahoo.com/nba/article/ben-simmons-to-be-a-full-participant-at-australian-basketball-minicamp-ahead-of-possible-nba-return-034944302.html,Ben Simmons to be a full participant at Australian basketball minicamp ahead of possible NBA return,Ben Simmons missed all of last season after a rough go with the Clippers in 2025.,2026-08-10T03:49:44+00:00,2026-08-10T04:00:03.375794+00:00
__poll__,poll://2026-08-10/2026-08-10T04:00:03.375794+00:00,"poll ran: 2/3 feeds reachable, 25 item(s) appended",,2026-08-10,2026-08-10T04:00:03.375794+00:00
espn-nba,https://www.espn.com/nba/story/_/id/49516685/san-antonio-spurs-offseason-recap-2026-27-season-preview-stats-roster-depth-chart,Spurs offseason recap and early season preview: How much better are Wemby & Co.?,What will Victor Wembanyama and the Spurs do for an encore? We're looking back at the offseason and taking an early look at the 2026-27 season.,2026-08-10T12:15:20+00:00,2026-08-10T16:00:03.422661+00:00
espn-nba,https://www.espn.com/nba/story/_/id/49490878/nba-free-agency-2026-bobby-marks-wemby-lebron-deals-giannis-trade-10-offseason-trends,Free agency fact vs. fiction: Bobby Marks examines 10 offseason trends,NBA front office insider Bobby Marks answers the biggest questions as the dust settles on 2026 free agency.,2026-08-10T12:37:01+00:00,2026-08-10T16:00:03.422661+00:00
yahoo-nba,https://sports.yahoo.com/articles/victor-wembanyama-thinks-could-score-153500170.html,Victor Wembanyama thinks he could score 100 points in an NBA game,"Wilt Chamberlain is the only player to score 100 points in a game, and it took some chicanery even for him.",2026-08-10T15:35:00+00:00,2026-08-10T16:00:03.422661+00:00
yahoo-nba,https://sports.yahoo.com/articles/kawhi-leonard-next-team-odds-101100876.html,Kawhi Leonard Next Team Odds: Trade Hits Another Snag As Second &#39;Secret Sponsor&#39; Info Leaks,"Kawhi Leonard next team odds still favor Toronto, but a reported second Clippers sponsor deal has tightened the market.",2026-08-10T14:24:00+00:00,2026-08-10T16:00:03.422661+00:00
yahoo-nba,https://sports.yahoo.com/articles/end-summer-disjointed-basketball-thoughts-123011812.html,End of Summer Disjointed Basketball Thoughts: Part Deux,"Thoughts on Portland’s owner, LeBron joins Philly, and more.",2026-08-10T12:30:11+00:00,2026-08-10T16:00:03.422661+00:00
yahoo-nba,https://sports.yahoo.com/articles/buttoned-down-brown-might-just-122805920.html,Buttoned-down Brown might be just what the Sixers need,"Jaylen Brown’s introductory press conference was a big moment, but the newest Sixer was all business.",2026-08-10T12:28:05+00:00,2026-08-10T16:00:03.422661+00:00
yahoo-nba,https://sports.yahoo.com/articles/remembering-don-nelson-121810570.html,Remembering Don Nelson,"A winner and pioneer, Don Nelson leaves a legacy as one of the most influential figures in Milwaukee Bucks history.",2026-08-10T12:18:10+00:00,2026-08-10T16:00:03.422661+00:00
yahoo-nba,https://sports.yahoo.com/articles/khaman-maluach-summer-league-success-120000927.html,Has Khaman Maluach’s Summer League success now forced a discussion about starting?,"With Khaman Maluach’s impressive Summer League run, do we need to consider starting him from the jump this season?",2026-08-10T12:00:00+00:00,2026-08-10T16:00:03.422661+00:00
yahoo-nba,https://sports.yahoo.com/articles/open-thread-basketball-world-mourns-110000297.html,Open Thread: The basketball world mourns the death of Don Nelson,A legend has left the building,2026-08-10T11:00:00+00:00,2026-08-10T16:00:03.422661+00:00
yahoo-nba,https://sports.yahoo.com/articles/banner-years-1963-celts-greet-100000689.html,"Banner Years: 1963, Celts greet Hondo, bid Cooz adieu","It’s History Month at CelticsBlog, celebrating all 18 banners hanging in TD Garden. Today’s chapter features the one-season overlap of two Celtics legends, with yet another dramatic ending",2026-08-10T10:00:00+00:00,2026-08-10T16:00:03.422661+00:00
yahoo-nba,https://sports.yahoo.com/articles/youtube-gold-don-nelson-biggest-094300252.html,YouTube Gold: Don Nelson’s Biggest Moment As An NBA Player,"Don Nelson, who died Sunday, was an unlikely candidate for a historical basketball figure. He was not particularly gifted. He didn’t run fast or jump high. At 6-6, in his day, he was kind of too tall for a guard and verging on too small for a forward. Nonetheless, he built a remarkable career, first […]",2026-08-10T09:43:00+00:00,2026-08-10T16:00:03.422661+00:00
yahoo-nba,https://sports.yahoo.com/articles/sb-nation-reacts-results-consider-092800358.html,SB Nation Reacts results: Do you consider Jabari Smith Jr. a Rockets draft bust?,Is Smith living up to expectations?,2026-08-10T09:28:00+00:00,2026-08-10T16:00:03.422661+00:00
yahoo-nba,https://sports.yahoo.com/articles/dan-hurley-swats-away-roster-081525511.html,Dan Hurley swats away roster moves amid &#39;total chaos&#39; of re-opened transfer portal,UConn basketball coach Dan Hurley made it clear he has no intention of shopping for any more players after latest court case goes vs. NCAA.,2026-08-10T08:15:25+00:00,2026-08-10T16:00:03.422661+00:00
yahoo-nba,https://sports.yahoo.com/articles/nba-world-reacts-passing-don-055755896.html,NBA world reacts to the death of Don Nelson,"&quot;One of the big reasons I was drafted by the Warriors was because of Don Nelson,&quot; Stephen Curry said.",2026-08-10T05:57:55+00:00,2026-08-10T16:00:03.422661+00:00
yahoo-nba,https://sports.yahoo.com/articles/nba-offseason-rumors-kevin-love-035422527.html,NBA Offseason Rumors: New Kevin Love Information,There’s new intel on Kevin Love and there’s an interesting pattern,2026-08-10T03:54:22+00:00,2026-08-10T16:00:03.422661+00:00
yahoo-nba,https://sports.yahoo.com/articles/don-nelson-reason-steph-curry-025038462.html,Don Nelson was reason Steph Curry ended up on Warriors,"Stephen Curry, if you remember, was no sure thing. Six teams passed on him in the draft. There were questions about his size. About his playmaking ability. About his ankles....",2026-08-10T02:50:38+00:00,2026-08-10T16:00:03.422661+00:00
__poll__,poll://2026-08-10/2026-08-10T16:00:03.422661+00:00,"poll ran: 2/3 feeds reachable, 16 item(s) appended",,2026-08-10,2026-08-10T16:00:03.422661+00:00
yahoo-nba,https://sports.yahoo.com/articles/lakers-offseason-far-more-successful-230412997.html,Lakers’ offseason has been far more successful than anyone realizes,"LAKERS LUKA DONCIC WALKER KESSLERThe Lakers’ offseason has been a success. An overwhelming success? No, that would be a bridge too far. Especially when factoring in the holes remaining on...",2026-08-10T23:04:12+00:00,2026-08-11T04:00:03.807512+00:00
yahoo-nba,https://sports.yahoo.com/articles/patty-mills-play-tony-parker-225801490.html,Patty Mills to play for Tony Parker at ASVEL,"It may be as player and coach, but we’ll take it!",2026-08-10T22:58:01+00:00,2026-08-11T04:00:03.807512+00:00
yahoo-nba,https://sports.yahoo.com/articles/tyler-nickel-expected-join-knicks-224724688.html,Tyler Nickel expected to join Knicks over potential college return,There is a bit more clarity surrounding Tyler Nickel’s Knicks future.,2026-08-10T22:47:24+00:00,2026-08-11T04:00:03.807512+00:00
yahoo-nba,https://sports.yahoo.com/articles/nikola-joki-nba-nuggets-future-224053225.html,"Nikola Jokić’s NBA, Nuggets future gets wild twist from Greek owner",Greek billionaire Dimitrios Giannakopoulos has tried to buy out the final year of Nikola Jokić&#39;s Denver Nuggets contract to bring him to Europe.,2026-08-10T22:40:53+00:00,2026-08-11T04:00:03.807512+00:00
yahoo-nba,https://sports.yahoo.com/articles/where-lebron-james-lands-nba-215703210.html,"Where LeBron James lands in NBA free agency biggest winners, losers",lebron james lakers jalen brunson knicksWe’re now into the dog days of the NBA season. LeBron James made his decision. Luka Doncic got his center in Walker Kessler. Giannis Antetokounmpo...,2026-08-10T21:57:03+00:00,2026-08-11T04:00:03.807512+00:00
yahoo-nba,https://sports.yahoo.com/articles/bucks-reacts-survey-horst-traded-211959515.html,Bucks Reacts Survey: Should Horst have traded Giannis a year ago?,Last offseason will be looked back upon as a major sliding-doors moment in Bucks history.,2026-08-10T21:19:59+00:00,2026-08-11T04:00:03.807512+00:00
yahoo-nba,https://sports.yahoo.com/nba/article/nikola-jokic-nuggets-received-offer-from-greek-team-panathinaikos-to-buy-out-final-year-of-contract-211606901.html,"Nikola Jokić, Nuggets received offer from Greek team Panathinaikos to buy out final year of contract",Panathinaikos B.C. owner Dimitrios Giannakopoulos said he will try to persuade Jokić to decline his $64 million player option to play in Greece next year.,2026-08-10T21:16:06+00:00,2026-08-11T04:00:03.807512+00:00
yahoo-nba,https://sports.yahoo.com/articles/knicks-notes-where-things-stand-210022906.html,Knicks Notes: Where things stand on possible Karl-Anthony Towns extension,"Here are a few decisions the Knicks need to tackle between now and Opening Night, including possible extensions for Karl-Anthony Towns, Josh Hart, and Miles McBride",2026-08-10T21:00:22+00:00,2026-08-11T04:00:03.807512+00:00
yahoo-nba,https://sports.yahoo.com/articles/does-ben-simmons-sense-lakers-204741686.html,Does Ben Simmons make sense for the Lakers?,"Ben Simmons is trying to make an NBA comeback, but does the Lakers make sense as a landing spot?",2026-08-10T20:47:41+00:00,2026-08-11T04:00:03.807512+00:00
yahoo-nba,https://sports.yahoo.com/articles/cavs-multiple-potential-landing-spots-192730061.html,Cavs have multiple potential landing spots for Dennis Schroder,Multiple teams could absorb Schroder in a salary dump.,2026-08-10T19:27:30+00:00,2026-08-11T04:00:03.807512+00:00
yahoo-nba,https://sports.yahoo.com/articles/bronny-james-faces-pivotal-lakers-191915676.html,Bronny James faces pivotal Lakers season without LeBron on roster,Bronny James is entering his third season with the Lakers. How has he improved ahead of a year without LeBron on the roster?,2026-08-10T19:19:15+00:00,2026-08-11T04:00:03.807512+00:00
yahoo-nba,https://sports.yahoo.com/articles/boston-celtics-daily-links-8-191733545.html,Boston Celtics Daily Links 8/10/26,All the Celtics news you need in one convenient place.,2026-08-10T19:17:33+00:00,2026-08-11T04:00:03.807512+00:00
yahoo-nba,https://sports.yahoo.com/articles/ask-us-anything-want-know-190000137.html,Ask us anything: What do you want to know about Hall of Fame weekend?,It’s Hall of Fame Week! Bright Side will be in attendance for Stoudemire and D’Antoni’s inductions into the Hall.,2026-08-10T19:00:00+00:00,2026-08-11T04:00:03.807512+00:00
yahoo-nba,https://sports.yahoo.com/articles/r-p-don-nelson-184550616.html,R.I.P Don Nelson,Your favorite iconoclast’s favorite iconoclast,2026-08-10T18:45:50+00:00,2026-08-11T04:00:03.807512+00:00
yahoo-nba,https://sports.yahoo.com/articles/kawhi-leonard-investigation-means-clippers-174926329.html,Kawhi Leonard investigation update means Clippers divorce could come sooner than expected,"With the NBA&#39;s probe into Kawhi Leonard potentially ending early, the Clippers star could be traded to the Toronto Raptors soon.",2026-08-10T17:49:26+00:00,2026-08-11T04:00:03.807512+00:00
yahoo-nba,https://sports.yahoo.com/nba/article/can-booker-bounce-back-pelicans-chaos-potential-warriors-gap-year--will-ben-simmons-return-174809739.html,"Can Booker bounce back? Pelicans chaos potential, Warriors &#39;gap year&#39; + will Ben Simmons return?",Kevin O&#39;Connor continues his NBA &#39;Entertainment Rankings&#39; with the Suns and Pelicans.,2026-08-10T17:48:09+00:00,2026-08-11T04:00:03.807512+00:00
yahoo-nba,https://sports.yahoo.com/nba/article/clippers-sign-center-jamarion-sharp-the-tallest-active-player-in-the-nba-162535518.html,"Clippers sign center Jamarion Sharp, the tallest active player in the NBA",Jamarion Sharp is an extremely capable shot-blocker.,2026-08-10T16:25:35+00:00,2026-08-11T04:00:03.807512+00:00
yahoo-nba,https://sports.yahoo.com/articles/forsberg-pritchard-excited-guys-focused-161547711.html,"Forsberg: Pritchard excited for new guys, focused on ‘getting better&#39;",Celtics guard Payton Pritchard sat down with NBC Sports Boston for a wide-ranging chat on the team&#39;s offseason and more.,2026-08-10T16:15:47+00:00,2026-08-11T04:00:03.807512+00:00
yahoo-nba,https://sports.yahoo.com/articles/sixers-no-rush-fill-last-150000897.html,The Sixers should be in no rush to fill their last open roster spot,The Sixers&#39; proximity to their first-apron hard cap isn&#39;t the only reason why they should be protective of their open roster spot for now.,2026-08-10T15:00:00+00:00,2026-08-11T04:00:03.807512+00:00
yahoo-nba,https://sports.yahoo.com/articles/2025-26-spurs-player-reviews-145455550.html,2025-26 Spurs Player Reviews: Julian Champagnie,Champagnie seized a starting spot and came up big in the playoffs.,2026-08-10T14:54:55+00:00,2026-08-11T04:00:03.807512+00:00
yahoo-nba,https://sports.yahoo.com/articles/honoring-legend-don-nelson-144432397.html,Honoring the legend Don Nelson,The passing of Don Nelson has unsurprisingly resulted in an outpouring of respect and admiration,2026-08-10T14:44:32+00:00,2026-08-11T04:00:03.807512+00:00
yahoo-nba,https://sports.yahoo.com/articles/pritchard-celtics-prove-disappointing-playoff-142419273.html,Pritchard: Celtics ‘have to prove it&#39; after disappointing playoff finish,The Celtics certainly know they won&#39;t have Jaylen Brown anymore. Payton Pritchard&#39;s outlook for the coming Celtics season remains the same.,2026-08-10T14:24:19+00:00,2026-08-11T04:00:03.807512+00:00
yahoo-nba,https://sports.yahoo.com/articles/former-steph-curry-teammate-wants-111000640.html,Former Steph Curry teammate wants him to leave Warriors to join Celtics,Former Golden State Warriors point guard D’Angelo Russell wants ex-teammate Steph Curry to leave the bay and join Celtics to end legendary NBA career.,2026-08-10T11:10:00+00:00,2026-08-11T04:00:03.807512+00:00
yahoo-nba,https://sports.yahoo.com/articles/kings-reported-opening-night-home-222922238.html,"Kings&#39; reported Opening Night, home opener games for 2026-27 NBA season revealed","The Sacramento Kings&#39; reported opening games have been revealed for the 2026-27 NBA season, while the team looks to bounce back after a down year.",2026-08-10T22:29:22+00:00,2026-08-11T16:10:25.556406+00:00
