season,TEAM_ID,TEAM_NAME,GP,W,L,W_PCT,MIN,FGM,FGA,FG3M,FG3A,FTM,FTA,OREB,DREB,REB,AST,TOV,STL,BLK,PF,PTS,PLUS_MINUS
2012-13,1610612737,Atlanta Hawks,82,44,38,0.537,3971.0,3084,6644,706,1901,1158,1619,758,2593,3351,2007,1219.0,664,369,1473,8032,33.0
2012-13,1610612738,Boston Celtics,81,41,40,0.506,3968.0,3001,6459,498,1390,1318,1698,654,2533,3187,1843,1181.0,667,365,1717,7818,-18.0
2012-13,1610612751,Brooklyn Nets,82,49,33,0.598,3971.0,2942,6544,628,1760,1432,1958,1047,2460,3507,1668,1206.0,599,391,1500,7944,146.0
2012-13,1610612766,Charlotte Bobcats,82,21,61,0.256,3961.0,2823,6649,469,1399,1546,2060,917,2389,3306,1587,1153.0,591,479,1561,7661,-757.0
2012-13,1610612741,Chicago Bulls,82,45,37,0.549,3966.0,2926,6698,446,1265,1343,1738,1026,2514,3540,1886,1171.0,588,417,1617,7641,26.0
2012-13,1610612739,Cleveland Cavaliers,82,24,58,0.293,3946.0,2993,6901,547,1581,1380,1826,1004,2359,3363,1694,1149.0,647,334,1737,7913,-384.0
2012-13,1610612742,Dallas Mavericks,82,41,41,0.5,3996.0,3182,6892,606,1628,1323,1669,767,2670,3437,1906,1144.0,648,454,1698,8293,-49.0
2012-13,1610612743,Denver Nuggets,82,57,25,0.695,3981.0,3339,6983,521,1518,1505,2148,1092,2601,3693,2002,1253.0,762,533,1682,8704,417.0
2012-13,1610612765,Detroit Pistons,82,29,53,0.354,3961.0,2979,6638,513,1440,1307,1870,991,2463,3454,1742,1241.0,574,400,1623,7778,-327.0
2012-13,1610612744,Golden State Warriors,82,47,35,0.573,3961.0,3130,6840,658,1632,1378,1744,885,2801,3686,1845,1236.0,567,346,1753,8296,73.0
2012-13,1610612745,Houston Rockets,82,45,37,0.549,3956.0,3124,6782,867,2369,1573,2087,909,2652,3561,1902,1348.0,679,359,1662,8688,285.0
2012-13,1610612754,Indiana Pacers,81,49,32,0.605,3918.0,2845,6525,555,1599,1429,1915,1043,2671,3714,1645,1227.0,580,513,1623,7674,326.0
2012-13,1610612746,Los Angeles Clippers,82,56,26,0.683,3946.0,3160,6608,627,1752,1342,1888,938,2475,3413,1958,1197.0,784,461,1716,8289,529.0
2012-13,1610612747,Los Angeles Lakers,82,45,37,0.549,3951.0,3041,6640,715,2015,1584,2289,942,2732,3674,1818,1232.0,576,429,1467,8381,95.0
2012-13,1610612763,Memphis Grizzlies,82,56,26,0.683,3961.0,2964,6679,382,1107,1349,1746,1059,2445,3504,1715,1144.0,703,436,1660,7659,340.0
2012-13,1610612748,Miami Heat,82,66,16,0.805,3976.0,3148,6348,717,1809,1423,1887,676,2490,3166,1890,1143.0,710,441,1533,8436,645.0
2012-13,1610612749,Milwaukee Bucks,82,38,44,0.463,3966.0,3128,7197,601,1670,1251,1700,1068,2537,3605,1876,1156.0,685,550,1554,8108,-123.0
2012-13,1610612750,Minnesota Timberwolves,82,31,51,0.378,3946.0,2943,6702,450,1475,1515,2042,973,2473,3446,1836,1214.0,700,387,1509,7851,-194.0
2012-13,1610612740,New Orleans Hornets,82,27,55,0.329,3956.0,2955,6589,535,1474,1269,1636,988,2426,3414,1721,1193.0,520,440,1673,7714,-317.0
2012-13,1610612752,New York Knicks,82,54,28,0.659,3946.0,2996,6689,891,2371,1313,1729,890,2436,3326,1579,988.0,672,294,1650,8196,347.0
2012-13,1610612760,Oklahoma City Thunder,82,60,22,0.732,3966.0,3126,6504,598,1588,1819,2196,854,2725,3579,1753,1253.0,679,624,1654,8669,755.0
2012-13,1610612753,Orlando Magic,82,20,62,0.244,3956.0,3093,6904,506,1537,1026,1359,890,2612,3502,1871,1191.0,528,358,1591,7718,-573.0
2012-13,1610612755,Philadelphia 76ers,82,34,48,0.415,3951.0,3059,6895,518,1438,1004,1377,896,2493,3389,1867,1070.0,609,384,1505,7640,-274.0
2012-13,1610612756,Phoenix Suns,82,25,57,0.305,3961.0,3061,6917,480,1455,1203,1618,959,2454,3413,1855,1278.0,659,434,1688,7805,-530.0
2012-13,1610612757,Portland Trail Blazers,82,33,49,0.402,3971.0,3009,6715,673,1904,1304,1680,874,2474,3348,1784,1203.0,538,353,1518,7995,-260.0
2012-13,1610612758,Sacramento Kings,82,28,54,0.341,3966.0,3086,6904,610,1681,1437,1869,943,2385,3328,1708,1199.0,671,342,1717,8219,-400.0
2012-13,1610612759,San Antonio Spurs,82,58,24,0.707,3976.0,3210,6675,663,1764,1365,1725,666,2721,3387,2058,1206.0,695,446,1427,8448,525.0
2012-13,1610612761,Toronto Raptors,82,34,48,0.415,3996.0,2979,6685,571,1665,1442,1831,871,2426,3297,1765,1124.0,595,392,1836,7971,-121.0
2012-13,1610612762,Utah Jazz,82,43,39,0.524,3976.0,3046,6710,507,1385,1439,1883,989,2457,3446,1859,1210.0,690,515,1750,8038,-7.0
2012-13,1610612764,Washington Wizards,82,29,53,0.354,3971.0,2910,6693,545,1495,1279,1746,887,2652,3539,1775,1238.0,598,376,1681,7644,-208.0
2013-14,1610612737,Atlanta Hawks,82,38,44,0.463,3966.0,3061,6688,768,2116,1392,1782,713,2565,3278,2041,1251.0,680,326,1577,8282,-39.0
2013-14,1610612738,Boston Celtics,82,25,57,0.305,3946.0,2996,6883,575,1729,1325,1706,980,2505,3485,1726,1261.0,584,343,1743,7892,-366.0
2013-14,1610612751,Brooklyn Nets,82,44,38,0.537,3976.0,2931,6391,709,1922,1508,2002,721,2407,3128,1714,1191.0,705,311,1777,8079,-82.0
2013-14,1610612766,Charlotte Bobcats,82,43,39,0.524,3981.0,2976,6730,516,1471,1474,2000,776,2724,3500,1778,1010.0,499,421,1493,7942,-18.0
2013-14,1610612741,Chicago Bulls,82,48,34,0.585,3986.0,2843,6577,508,1459,1486,1908,937,2683,3620,1860,1223.0,594,424,1565,7680,152.0
2013-14,1610612739,Cleveland Cavaliers,82,33,49,0.402,3986.0,3036,6955,584,1640,1398,1861,989,2629,3618,1738,1163.0,579,304,1640,8054,-270.0
2013-14,1610612742,Dallas Mavericks,82,49,33,0.598,3966.0,3249,6858,721,1877,1378,1733,840,2514,3354,1935,1110.0,704,356,1636,8597,197.0
2013-14,1610612743,Denver Nuggets,82,36,46,0.439,3950.985,3147,7042,702,1959,1563,2154,1009,2717,3726,1838,1305.0,615,459,1890,8559,-176.0
2013-14,1610612765,Detroit Pistons,82,29,53,0.354,3956.0,3182,7124,507,1580,1415,2111,1196,2525,3721,1714,1193.0,687,395,1666,8286,-300.0
2013-14,1610612744,Golden State Warriors,82,51,31,0.622,3966.0,3236,7005,774,2037,1303,1731,896,2819,3715,1912,1247.0,642,407,1784,8549,394.0
2013-14,1610612745,Houston Rockets,82,54,28,0.659,3966.0,3118,6603,779,2179,1814,2549,920,2797,3717,1755,1323.0,621,461,1676,8829,374.0
2013-14,1610612754,Indiana Pacers,82,56,26,0.683,3956.0,2949,6573,550,1542,1485,1907,834,2831,3665,1651,1237.0,550,446,1675,7933,361.0
2013-14,1610612746,Los Angeles Clippers,82,57,25,0.695,3951.0,3208,6761,693,1966,1741,2384,858,2668,3526,2016,1136.0,703,397,1767,8850,572.0
2013-14,1610612747,Los Angeles Lakers,82,27,55,0.329,3941.0,3139,6980,774,2032,1390,1835,745,2620,3365,2006,1239.0,611,446,1627,8442,-516.0
2013-14,1610612763,Memphis Grizzlies,82,50,32,0.61,3961.0,3122,6723,405,1147,1235,1666,950,2526,3476,1792,1124.0,631,375,1568,7884,129.0
2013-14,1610612748,Miami Heat,82,54,28,0.659,3976.0,3142,6272,665,1829,1431,1884,627,2397,3024,1847,1212.0,732,367,1596,8380,390.0
2013-14,1610612749,Milwaukee Bucks,82,15,67,0.183,3976.0,2952,6737,548,1553,1377,1843,971,2399,3370,1760,1238.0,541,403,1713,7829,-671.0
2013-14,1610612750,Minnesota Timberwolves,82,40,42,0.488,3971.0,3189,7175,600,1757,1790,2301,1024,2644,3668,1963,1142.0,718,297,1504,8768,219.0
2013-14,1610612740,New Orleans Pelicans,82,34,48,0.415,3971.0,3101,6761,486,1303,1489,1936,933,2486,3419,1745,1129.0,647,523,1857,8177,-222.0
2013-14,1610612752,New York Knicks,82,37,45,0.451,3971.0,3027,6739,759,2038,1271,1670,870,2437,3307,1641,1063.0,631,367,1815,8084,-65.0
2013-14,1610612760,Oklahoma City Thunder,82,59,23,0.72,3961.0,3194,6782,664,1839,1653,2052,887,2781,3668,1794,1256.0,678,501,1858,8705,520.0
2013-14,1610612753,Orlando Magic,82,23,59,0.28,3991.0,3022,6784,563,1596,1307,1714,794,2654,3448,1726,1222.0,630,350,1678,7914,-446.0
2013-14,1610612755,Philadelphia 76ers,82,19,63,0.232,3970.985,3108,7150,577,1847,1362,1918,949,2556,3505,1791,1384.0,765,330,1844,8155,-857.0
2013-14,1610612756,Phoenix Suns,82,48,34,0.585,3951.0,3172,6845,765,2055,1520,2004,928,2601,3529,1563,1258.0,688,374,1798,8629,216.0
2013-14,1610612757,Portland Trail Blazers,82,54,28,0.659,3971.0,3207,7134,770,2071,1569,1926,1022,2786,3808,1904,1125.0,454,387,1576,8753,327.0
2013-14,1610612758,Sacramento Kings,82,28,54,0.341,3966.0,3026,6766,491,1475,1698,2237,990,2656,3646,1547,1249.0,587,318,1849,8241,-238.0
2013-14,1610612759,San Antonio Spurs,82,62,20,0.756,3951.0,3326,6844,698,1757,1289,1642,762,2786,3548,2064,1180.0,604,420,1495,8639,633.0
2013-14,1610612761,Toronto Raptors,82,48,34,0.585,3991.0,2992,6718,713,1917,1608,2055,935,2552,3487,1737,1159.0,577,343,1882,8305,266.0
2013-14,1610612762,Utah Jazz,82,25,57,0.305,3956.0,2951,6652,543,1577,1346,1803,904,2477,3381,1664,1200.0,570,366,1699,7791,-588.0
2013-14,1610612764,Washington Wizards,82,44,38,0.537,4011.0,3177,6920,647,1704,1253,1715,886,2573,3459,1909,1204.0,668,377,1675,8254,104.0
2014-15,1610612737,Atlanta Hawks,82,60,22,0.732,3946.0,3121,6699,818,2152,1349,1735,715,2611,3326,2111,1167.0,744,380,1457,8409,445.0
2014-15,1610612738,Boston Celtics,82,40,42,0.488,3976.0,3193,7211,660,2021,1266,1678,910,2685,3595,2009,1133.0,674,294,1738,8312,13.0
2014-15,1610612751,Brooklyn Nets,82,38,44,0.463,3986.0,3069,6804,541,1633,1359,1817,846,2627,3473,1716,1133.0,576,340,1579,8038,-236.0
2014-15,1610612766,Charlotte Hornets,82,33,49,0.402,3981.0,2913,6932,498,1566,1397,1867,820,2793,3613,1654,976.0,499,448,1494,7721,-260.0
2014-15,1610612741,Chicago Bulls,82,50,32,0.61,3976.0,3001,6797,645,1825,1618,2067,959,2792,3751,1781,1145.0,514,476,1495,8265,246.0
2014-15,1610612739,Cleveland Cavaliers,82,53,29,0.646,3956.0,3089,6739,826,2253,1453,1934,911,2612,3523,1814,1171.0,603,340,1510,8457,367.0
2014-15,1610612742,Dallas Mavericks,82,50,32,0.61,3976.0,3255,7036,732,2082,1386,1843,858,2608,3466,1846,1062.0,663,371,1644,8628,238.0
2014-15,1610612743,Denver Nuggets,82,30,52,0.366,3976.0,3099,7158,660,2032,1462,1991,1012,2653,3665,1788,1166.0,641,367,1882,8320,-291.0
2014-15,1610612765,Detroit Pistons,82,32,50,0.39,3966.0,3041,7038,703,2043,1292,1838,1051,2630,3681,1771,1099.0,623,383,1559,8077,-82.0
2014-15,1610612744,Golden State Warriors,82,67,15,0.817,3946.0,3410,7137,883,2217,1313,1709,853,2814,3667,2248,1185.0,762,496,1628,9016,828.0
2014-15,1610612745,Houston Rockets,82,56,26,0.683,3961.0,3032,6832,933,2680,1525,2133,958,2624,3582,1820,1366.0,777,407,1803,8522,282.0
2014-15,1610612754,Indiana Pacers,82,38,44,0.463,3971.0,2998,6824,612,1740,1373,1817,856,2822,3678,1757,1147.0,505,375,1742,7981,23.0
2014-15,1610612746,Los Angeles Clippers,82,56,26,0.683,3946.0,3228,6830,827,2202,1468,2067,784,2711,3495,2031,1012.0,640,409,1749,8751,540.0
2014-15,1610612747,Los Angeles Lakers,82,21,61,0.256,3986.0,3054,7020,532,1546,1433,1935,952,2647,3599,1715,1086.0,578,366,1741,8073,-561.0
2014-15,1610612763,Memphis Grizzlies,82,55,27,0.671,3981.0,3097,6763,423,1246,1445,1869,856,2634,3490,1777,1094.0,700,347,1567,8062,266.0
2014-15,1610612748,Miami Heat,82,37,45,0.451,3946.0,2885,6330,556,1659,1438,1940,747,2461,3208,1626,1214.0,642,372,1636,7764,-213.0
2014-15,1610612749,Milwaukee Bucks,82,41,41,0.5,3986.0,3083,6722,545,1500,1312,1734,876,2574,3450,1932,1373.0,789,403,1814,8023,35.0
2014-15,1610612750,Minnesota Timberwolves,82,16,66,0.195,3961.0,2986,6820,406,1223,1638,2110,949,2406,3355,1771,1231.0,668,327,1571,8016,-721.0
2014-15,1610612740,New Orleans Pelicans,82,45,37,0.549,3956.0,3108,6795,586,1583,1345,1790,942,2621,3563,1806,1087.0,553,510,1530,8147,65.0
2014-15,1610612752,New York Knicks,82,17,65,0.207,3971.0,2882,6726,560,1614,1211,1575,867,2443,3310,1746,1206.0,575,382,1768,7535,-764.0
2014-15,1610612760,Oklahoma City Thunder,82,45,37,0.549,3966.0,3184,7119,632,1864,1524,2020,1052,2844,3896,1681,1205.0,598,454,1829,8524,179.0
2014-15,1610612753,Orlando Magic,82,25,57,0.305,3951.0,3076,6792,554,1598,1141,1565,822,2607,3429,1692,1221.0,647,314,1714,7847,-469.0
2014-15,1610612755,Philadelphia 76ers,82,18,64,0.22,3961.0,2765,6777,692,2160,1320,1953,978,2536,3514,1683,1453.0,789,487,1778,7542,-736.0
2014-15,1610612756,Phoenix Suns,82,39,43,0.476,3976.0,3178,7038,698,2048,1343,1767,896,2643,3539,1659,1238.0,700,385,1744,8397,-74.0
2014-15,1610612757,Portland Trail Blazers,82,51,31,0.622,3971.0,3175,7049,807,2231,1272,1589,879,2881,3760,1799,1117.0,525,372,1494,8429,347.0
2014-15,1610612758,Sacramento Kings,82,29,53,0.354,3971.0,3010,6617,461,1350,1829,2400,895,2728,3623,1667,1333.0,550,324,1696,8310,-304.0
2014-15,1610612759,San Antonio Spurs,82,55,27,0.671,3991.0,3208,6854,677,1847,1368,1754,806,2772,3578,2000,1146.0,657,444,1564,8461,508.0
2014-15,1610612761,Toronto Raptors,82,49,33,0.598,3971.0,3108,6829,726,2060,1585,2014,881,2526,3407,1701,1057.0,615,357,1712,8527,252.0
2014-15,1610612762,Utah Jazz,82,38,44,0.463,3941.0,2900,6492,610,1781,1391,1929,988,2617,3605,1632,1256.0,623,489,1583,7801,18.0
2014-15,1610612764,Washington Wizards,82,46,36,0.561,3991.0,3139,6790,497,1381,1305,1758,862,2801,3663,1969,1233.0,601,378,1707,8080,59.0
2015-16,1610612737,Atlanta Hawks,82,48,34,0.585,3966.0,3168,6923,815,2326,1282,1638,679,2772,3451,2100,1226.0,747,486,1570,8433,296.0
2015-16,1610612738,Boston Celtics,82,48,34,0.585,3956.0,3216,7318,717,2142,1520,1929,950,2733,3683,1981,1127.0,752,348,1796,8669,263.0
2015-16,1610612751,Brooklyn Nets,82,21,61,0.256,3951.0,3136,6920,531,1508,1286,1699,863,2614,3477,1829,1212.0,627,332,1476,8089,-603.0
2015-16,1610612766,Charlotte Hornets,82,48,34,0.585,3971.0,3036,6922,873,2410,1534,1941,734,2869,3603,1778,1029.0,595,438,1487,8479,223.0
2015-16,1610612741,Chicago Bulls,82,42,40,0.512,3981.0,3165,7170,651,1753,1354,1720,907,2889,3796,1870,1141.0,495,470,1545,8335,-121.0
2015-16,1610612739,Cleveland Cavaliers,82,57,25,0.695,3971.0,3171,6888,880,2428,1333,1783,873,2777,3650,1861,1114.0,551,317,1666,8555,492.0
2015-16,1610612742,Dallas Mavericks,82,42,40,0.512,4001.0,3064,6900,806,2342,1454,1831,751,2781,3532,1813,1047.0,560,306,1595,8388,-25.0
2015-16,1610612743,Denver Nuggets,82,33,49,0.402,3966.0,3093,7003,656,1943,1513,1974,941,2718,3659,1858,1202.0,609,395,1723,8355,-254.0
2015-16,1610612765,Detroit Pistons,82,44,38,0.537,3976.0,3111,7087,740,2148,1399,2095,1021,2777,3798,1594,1110.0,573,304,1557,8361,50.0
2015-16,1610612744,Golden State Warriors,82,73,9,0.89,3976.0,3489,7159,1077,2592,1366,1790,816,2972,3788,2373,1245.0,689,498,1701,9421,882.0
2015-16,1610612745,Houston Rockets,82,41,41,0.5,3966.0,3094,6847,878,2533,1671,2407,930,2601,3531,1821,1307.0,821,430,1790,8737,16.0
2015-16,1610612754,Indiana Pacers,82,45,37,0.549,3976.0,3142,6985,663,1889,1430,1872,847,2779,3626,1741,1219.0,742,391,1641,8377,140.0
2015-16,1610612746,LA Clippers,82,53,29,0.646,3966.0,3141,6759,797,2190,1490,2152,721,2727,3448,1873,1063.0,709,460,1746,8569,351.0
2015-16,1610612747,Los Angeles Lakers,82,17,65,0.207,3946.0,2880,6956,639,2016,1583,2028,878,2645,3523,1478,1124.0,593,337,1662,7982,-784.0
2015-16,1610612763,Memphis Grizzlies,82,42,40,0.512,3966.0,3019,6859,504,1521,1584,2024,916,2497,3413,1697,1090.0,724,350,1783,8126,-184.0
2015-16,1610612748,Miami Heat,82,48,34,0.585,3966.0,3150,6697,498,1480,1406,1889,807,2811,3618,1709,1155.0,553,531,1502,8204,135.0
2015-16,1610612749,Milwaukee Bucks,82,33,49,0.402,3966.0,3145,6740,440,1277,1392,1863,858,2559,3417,1895,1247.0,672,475,1695,8122,-343.0
2015-16,1610612750,Minnesota Timberwolves,82,29,53,0.354,3976.0,3095,6668,455,1347,1753,2213,821,2587,3408,1916,1231.0,656,375,1696,8398,-290.0
2015-16,1610612740,New Orleans Pelicans,82,30,52,0.366,3956.0,3153,7040,702,1951,1415,1823,782,2712,3494,1818,1102.0,633,342,1713,8423,-311.0
2015-16,1610612752,New York Knicks,82,32,50,0.39,3961.0,3022,6886,610,1762,1411,1753,850,2788,3638,1682,1099.0,467,466,1616,8065,-224.0
2015-16,1610612760,Oklahoma City Thunder,82,55,27,0.671,3966.0,3372,7082,678,1945,1616,2067,1071,2916,3987,1883,1305.0,603,487,1691,9038,597.0
2015-16,1610612753,Orlando Magic,82,35,47,0.427,3981.0,3242,7120,636,1818,1249,1649,843,2709,3552,1933,1155.0,673,417,1701,8369,-133.0
2015-16,1610612755,Philadelphia 76ers,82,10,72,0.122,3961.0,2970,6887,764,2255,1284,1850,777,2605,3382,1765,1343.0,680,495,1780,7988,-839.0
2015-16,1610612756,Phoenix Suns,82,23,59,0.28,3941.0,3051,7018,738,2118,1431,1905,943,2733,3676,1701,1410.0,632,313,1858,8271,-546.0
2015-16,1610612757,Portland Trail Blazers,82,44,38,0.537,3961.0,3167,7040,864,2336,1424,1889,948,2782,3730,1748,1200.0,562,380,1782,8622,68.0
2015-16,1610612758,Sacramento Kings,82,33,49,0.402,3961.0,3283,7083,660,1839,1514,2089,868,2760,3628,2009,1326.0,733,368,1676,8740,-203.0
2015-16,1610612759,San Antonio Spurs,82,67,15,0.817,3941.0,3289,6797,570,1518,1342,1672,770,2831,3601,2010,1071.0,677,485,1433,8490,872.0
2015-16,1610612761,Toronto Raptors,82,56,26,0.683,3956.0,3006,6669,708,1915,1702,2190,836,2724,3560,1536,1073.0,636,449,1610,8422,369.0
2015-16,1610612762,Utah Jazz,82,40,42,0.488,3991.0,2957,6593,694,1956,1402,1885,880,2665,3545,1554,1224.0,631,425,1655,8010,147.0
2015-16,1610612764,Washington Wizards,82,41,41,0.5,3951.0,3238,7033,709,1983,1349,1849,743,2688,3431,2005,1186.0,708,323,1708,8534,-41.0
2016-17,1610612737,Atlanta Hawks,82,43,39,0.524,3976.0,3123,6918,729,2137,1484,2039,842,2793,3635,1938,1294.0,672,397,1491,8459,-70.0
2016-17,1610612738,Boston Celtics,82,53,29,0.646,3951.0,3168,6977,985,2741,1536,1903,743,2698,3441,2069,1088.0,617,340,1686,8857,216.0
2016-17,1610612751,Brooklyn Nets,82,20,62,0.244,3951.0,3102,6987,877,2591,1592,2020,721,2879,3600,1756,1356.0,593,387,1726,8673,-552.0
2016-17,1610612766,Charlotte Hornets,82,36,46,0.439,3966.0,3093,7000,824,2347,1591,1953,721,2853,3574,1891,942.0,571,390,1360,8601,16.0
2016-17,1610612741,Chicago Bulls,82,41,41,0.5,3956.0,3169,7141,623,1831,1474,1848,999,2797,3796,1851,1112.0,643,393,1455,8435,35.0
2016-17,1610612739,Cleveland Cavaliers,82,51,31,0.622,3976.0,3275,6963,1067,2779,1431,1913,766,2821,3587,1858,1121.0,539,327,1486,9048,261.0
2016-17,1610612742,Dallas Mavericks,82,33,49,0.402,3956.0,2968,6750,878,2473,1215,1516,647,2516,3163,1705,972.0,614,307,1567,8029,-240.0
2016-17,1610612743,Denver Nuggets,82,40,42,0.488,3951.0,3377,7194,870,2365,1537,1986,966,2837,3803,2077,1226.0,568,323,1567,9161,42.0
2016-17,1610612765,Detroit Pistons,82,37,45,0.451,3961.0,3269,7282,631,1915,1140,1586,908,2838,3746,1732,973.0,574,310,1467,8309,-92.0
2016-17,1610612744,Golden State Warriors,82,67,15,0.817,3956.0,3532,7140,982,2562,1457,1850,770,2873,3643,2491,1211.0,785,555,1585,9503,954.0
2016-17,1610612745,Houston Rockets,82,55,27,0.671,3956.0,3305,7152,1181,3306,1667,2177,892,2746,3638,2070,1240.0,670,352,1634,9458,473.0
2016-17,1610612754,Indiana Pacers,82,42,40,0.512,3971.0,3221,6931,709,1885,1467,1811,742,2702,3444,1844,1130.0,669,409,1597,8618,-18.0
2016-17,1610612746,LA Clippers,82,51,31,0.622,3951.0,3242,6820,841,2245,1586,2128,738,2790,3528,1848,1062.0,612,347,1626,8911,352.0
2016-17,1610612747,Los Angeles Lakers,82,26,56,0.317,3941.0,3224,7164,730,2110,1397,1853,933,2636,3569,1716,1243.0,674,320,1698,8575,-564.0
2016-17,1610612763,Memphis Grizzlies,82,43,39,0.524,3981.0,2984,6854,767,2169,1504,1918,886,2621,3507,1744,1059.0,653,344,1840,8239,40.0
2016-17,1610612748,Miami Heat,82,41,41,0.5,3956.0,3202,7037,808,2213,1248,1768,872,2705,3577,1742,1102.0,588,469,1680,8460,87.0
2016-17,1610612749,Milwaukee Bucks,82,42,40,0.512,3956.0,3182,6715,720,1946,1413,1839,723,2589,3312,1984,1145.0,666,436,1660,8497,-15.0
2016-17,1610612750,Minnesota Timberwolves,82,31,51,0.378,3961.0,3235,6922,601,1723,1586,1986,938,2540,3478,1940,1150.0,654,370,1646,8657,-91.0
2016-17,1610612740,New Orleans Pelicans,82,34,48,0.415,3981.0,3210,7130,768,2196,1368,1825,703,2879,3582,1869,1054.0,638,453,1490,8556,-172.0
2016-17,1610612752,New York Knicks,82,31,51,0.378,3971.0,3244,7256,704,2022,1364,1731,983,2723,3706,1786,1139.0,581,455,1668,8556,-301.0
2016-17,1610612760,Oklahoma City Thunder,82,47,35,0.573,3961.0,3237,7169,692,2116,1575,2113,1002,2821,3823,1721,1230.0,648,408,1715,8741,62.0
2016-17,1610612753,Orlando Magic,82,29,53,0.354,3961.0,3139,7133,701,2139,1309,1753,807,2734,3541,1820,1091.0,580,396,1584,8288,-539.0
2016-17,1610612755,Philadelphia 76ers,82,28,54,0.341,3966.0,3088,6992,831,2443,1393,1806,807,2706,3513,1949,1366.0,692,420,1793,8400,-467.0
2016-17,1610612756,Phoenix Suns,82,24,58,0.293,3966.0,3270,7260,615,1854,1676,2159,976,2712,3688,1604,1265.0,673,399,2030,8831,-462.0
2016-17,1610612757,Portland Trail Blazers,82,41,41,0.5,3986.0,3243,7059,852,2272,1513,1940,830,2750,3580,1733,1126.0,574,408,1736,8851,-43.0
2016-17,1610612758,Sacramento Kings,82,32,50,0.39,3976.0,3105,6734,737,1960,1483,1913,715,2652,3367,1844,1201.0,627,324,1667,8430,-318.0
2016-17,1610612759,San Antonio Spurs,82,61,21,0.744,3961.0,3222,6864,753,1927,1440,1806,821,2777,3598,1954,1101.0,655,484,1498,8637,590.0
2016-17,1610612761,Toronto Raptors,82,51,31,0.622,3956.0,3211,6918,725,1996,1615,2028,871,2676,3547,1517,1041.0,677,400,1708,8762,345.0
2016-17,1610612762,Utah Jazz,82,51,31,0.622,3951.0,3033,6515,791,2128,1401,1875,771,2774,3545,1651,1118.0,550,410,1545,8258,323.0
2016-17,1610612764,Washington Wizards,82,49,33,0.598,3971.0,3388,7137,756,2030,1421,1812,843,2671,3514,1956,1162.0,693,336,1745,8953,148.0
2017-18,1610612737,Atlanta Hawks,82,24,58,0.293,3941.0,3130,7015,917,2544,1298,1654,743,2693,3436,1946,1274.0,638,348,1606,8475,-447.0
2017-18,1610612738,Boston Celtics,82,55,27,0.671,3961.0,3141,6975,939,2492,1308,1697,767,2878,3645,1842,1148.0,604,373,1618,8529,294.0
2017-18,1610612751,Brooklyn Nets,82,28,54,0.341,3971.0,3136,7114,1041,2924,1428,1850,792,2852,3644,1941,1245.0,512,390,1688,8741,-307.0
2017-18,1610612766,Charlotte Hornets,82,36,46,0.439,3956.0,3197,7106,824,2233,1656,2216,827,2901,3728,1770,1041.0,559,373,1409,8874,21.0
2017-18,1610612741,Chicago Bulls,82,27,55,0.329,3971.0,3170,7285,906,2549,1194,1574,790,2872,3662,1923,1147.0,626,289,1571,8440,-577.0
2017-18,1610612739,Cleveland Cavaliers,82,50,32,0.61,3946.0,3311,6950,981,2636,1488,1909,694,2761,3455,1916,1126.0,582,312,1524,9091,77.0
2017-18,1610612742,Dallas Mavericks,82,24,58,0.293,3961.0,3128,7042,967,2688,1167,1530,666,2717,3383,1858,1007.0,578,310,1578,8390,-249.0
2017-18,1610612743,Denver Nuggets,82,46,36,0.561,3976.0,3338,7102,940,2536,1404,1830,902,2748,3650,2059,1226.0,627,404,1533,9020,121.0
2017-18,1610612765,Detroit Pistons,82,39,43,0.476,3961.0,3208,7129,886,2373,1207,1621,830,2756,3586,1868,1102.0,628,317,1508,8509,-12.0
2017-18,1610612744,Golden State Warriors,82,58,24,0.707,3946.0,3509,6979,926,2369,1360,1668,691,2877,3568,2402,1265.0,656,612,1607,9304,490.0
2017-18,1610612745,Houston Rockets,82,65,17,0.793,3951.0,3174,6906,1256,3470,1609,2061,739,2825,3564,1767,1135.0,699,392,1597,9213,695.0
2017-18,1610612754,Indiana Pacers,82,48,34,0.585,3951.0,3345,7083,741,2010,1225,1573,788,2684,3472,1819,1088.0,721,340,1544,8656,113.0
2017-18,1610612746,LA Clippers,82,42,40,0.512,3941.0,3302,7004,777,2196,1556,2095,832,2766,3598,1832,1204.0,628,372,1638,8937,3.0
2017-18,1610612747,Los Angeles Lakers,82,35,47,0.427,3981.0,3338,7248,822,2384,1364,1910,876,2927,3803,1949,1295.0,633,388,1736,8862,-127.0
2017-18,1610612763,Memphis Grizzlies,82,22,60,0.268,3941.0,3013,6788,758,2152,1361,1732,779,2544,3323,1767,1227.0,613,396,1900,8145,-509.0
2017-18,1610612748,Miami Heat,82,44,38,0.537,3986.0,3184,6997,903,2506,1209,1601,763,2801,3564,1862,1178.0,620,437,1648,8480,39.0
2017-18,1610612749,Milwaukee Bucks,82,44,38,0.537,3966.0,3257,6807,718,2024,1499,1915,688,2579,3267,1905,1135.0,722,443,1752,8731,-25.0
2017-18,1610612750,Minnesota Timberwolves,82,47,35,0.573,3961.0,3365,7063,658,1845,1592,1980,848,2593,3441,1861,1021.0,689,345,1495,8980,183.0
2017-18,1610612740,New Orleans Pelicans,82,48,34,0.585,3991.0,3500,7241,837,2312,1324,1716,712,2923,3635,2195,1223.0,657,485,1570,9161,107.0
2017-18,1610612752,New York Knicks,82,29,53,0.354,3966.0,3334,7193,673,1914,1225,1557,859,2752,3611,1912,1208.0,552,421,1682,8566,-292.0
2017-18,1610612760,Oklahoma City Thunder,82,48,34,0.585,3966.0,3271,7221,881,2491,1421,1985,1024,2671,3695,1750,1147.0,743,412,1653,8844,280.0
2017-18,1610612753,Orlando Magic,82,25,57,0.305,3946.0,3182,7042,844,2405,1271,1678,722,2692,3414,1921,1192.0,622,400,1579,8479,-395.0
2017-18,1610612755,Philadelphia 76ers,82,52,30,0.634,3956.0,3349,7098,901,2445,1405,1868,893,2996,3889,2221,1353.0,682,420,1811,9004,369.0
2017-18,1610612756,Phoenix Suns,82,21,61,0.256,3941.0,3153,7141,763,2286,1453,1962,842,2776,3618,1743,1289.0,569,370,1807,8522,-768.0
2017-18,1610612757,Portland Trail Blazers,82,49,33,0.598,3951.0,3222,7132,845,2308,1372,1715,835,2893,3728,1599,1109.0,573,423,1599,8661,213.0
2017-18,1610612758,Sacramento Kings,82,27,55,0.329,3951.0,3179,7063,738,1967,1008,1371,776,2578,3354,1768,1125.0,643,340,1639,8104,-573.0
2017-18,1610612759,San Antonio Spurs,82,47,35,0.573,3946.0,3202,6999,696,1977,1324,1715,849,2777,3626,1868,1078.0,628,460,1408,8424,237.0
2017-18,1610612761,Toronto Raptors,82,59,23,0.72,3966.0,3383,7169,968,2705,1422,1790,800,2807,3607,1995,1095.0,626,500,1783,9156,638.0
2017-18,1610612762,Utah Jazz,82,48,34,0.585,3951.0,3139,6797,887,2425,1375,1766,740,2807,3547,1839,1205.0,708,420,1608,8540,353.0
2017-18,1610612764,Washington Wizards,82,43,39,0.524,3971.0,3275,7018,814,2173,1378,1786,823,2713,3536,2065,1196.0,645,353,1746,8742,48.0
2018-19,1610612737,Atlanta Hawks,82,29,53,0.354,3971.0,3392,7524,1067,3034,1443,1918,955,2825,3780,2118,1397.0,675,419,1932,9294,-494.0
2018-19,1610612738,Boston Celtics,82,49,33,0.598,3956.0,3451,7423,1032,2829,1282,1598,804,2849,3653,2155,1052.0,706,435,1670,9216,364.0
2018-19,1610612751,Brooklyn Nets,82,42,40,0.512,3996.0,3301,7358,1047,2965,1555,2088,900,2919,3819,1954,1236.0,539,339,1763,9204,-6.0
2018-19,1610612766,Charlotte Hornets,82,39,43,0.476,3966.0,3297,7362,977,2783,1510,1895,814,2778,3592,1905,1001.0,591,405,1550,9081,-90.0
2018-19,1610612741,Chicago Bulls,82,22,60,0.268,3981.0,3266,7205,745,2123,1328,1695,718,2799,3517,1796,1159.0,603,351,1663,8605,-690.0
2018-19,1610612739,Cleveland Cavaliers,82,19,63,0.232,3951.0,3189,7184,847,2388,1342,1694,879,2619,3498,1698,1106.0,534,195,1642,8567,-788.0
2018-19,1610612742,Dallas Mavericks,82,33,49,0.402,3956.0,3182,7122,1022,3002,1541,2076,832,2884,3716,1918,1167.0,533,351,1650,8927,-105.0
2018-19,1610612743,Denver Nuggets,82,54,28,0.659,3946.0,3439,7384,903,2571,1294,1714,972,2832,3804,2245,1102.0,634,363,1644,9075,324.0
2018-19,1610612765,Detroit Pistons,82,41,41,0.5,3971.0,3185,7238,993,2854,1415,1893,936,2752,3688,1845,1135.0,569,331,1811,8778,-20.0
2018-19,1610612744,Golden State Warriors,82,57,25,0.695,3961.0,3612,7361,1087,2824,1339,1672,797,2990,3787,2413,1169.0,625,525,1757,9650,530.0
2018-19,1610612745,Houston Rockets,82,53,29,0.646,3966.0,3218,7163,1323,3721,1582,2001,836,2613,3449,1741,1094.0,700,405,1803,9341,391.0
2018-19,1610612754,Indiana Pacers,82,48,34,0.585,3941.0,3390,7135,779,2081,1298,1727,762,2766,3528,2128,1122.0,713,404,1594,8857,273.0
2018-19,1610612746,LA Clippers,82,48,34,0.585,3966.0,3384,7178,821,2118,1853,2340,796,2936,3732,1970,1193.0,561,385,1913,9442,70.0
2018-19,1610612747,Los Angeles Lakers,82,37,45,0.451,3956.0,3491,7425,847,2541,1336,1910,835,2985,3820,2096,1284.0,618,440,1701,9165,-141.0
2018-19,1610612763,Memphis Grizzlies,82,33,49,0.402,3976.0,3113,6924,811,2368,1453,1882,723,2703,3426,1963,1147.0,684,448,1801,8490,-213.0
2018-19,1610612748,Miami Heat,82,39,43,0.476,3946.0,3251,7218,928,2658,1238,1782,921,2879,3800,1991,1208.0,627,448,1712,8668,-19.0
2018-19,1610612749,Milwaukee Bucks,82,60,22,0.732,3956.0,3555,7471,1105,3134,1471,1904,762,3316,4078,2136,1137.0,615,486,1608,9686,727.0
2018-19,1610612750,Minnesota Timberwolves,82,36,46,0.439,3966.0,3413,7483,827,2357,1570,1995,923,2750,3673,2018,1074.0,683,411,1664,9223,-123.0
2018-19,1610612740,New Orleans Pelicans,82,33,49,0.402,3951.0,3581,7563,842,2449,1462,1921,909,2969,3878,2216,1215.0,610,441,1732,9466,-109.0
2018-19,1610612752,New York Knicks,82,17,65,0.207,3956.0,3134,7241,823,2421,1484,1956,857,2811,3668,1646,1151.0,557,422,1713,8575,-755.0
2018-19,1610612760,Oklahoma City Thunder,82,49,33,0.598,3971.0,3497,7706,932,2677,1461,2049,1031,2911,3942,1917,1145.0,766,425,1839,9387,279.0
2018-19,1610612753,Orlando Magic,82,42,40,0.512,3956.0,3316,7307,937,2633,1231,1575,822,2902,3724,2095,1082.0,543,445,1526,8800,58.0
2018-19,1610612755,Philadelphia 76ers,82,51,31,0.622,3961.0,3407,7233,889,2474,1742,2258,892,3025,3917,2207,1223.0,606,432,1745,9445,221.0
2018-19,1610612756,Phoenix Suns,82,19,63,0.232,3976.0,3289,7164,790,2400,1447,1858,748,2563,3311,1957,1279.0,735,418,1932,8815,-766.0
2018-19,1610612757,Portland Trail Blazers,82,53,29,0.646,3971.0,3470,7427,904,2520,1558,1914,967,2968,3935,1887,1135.0,546,413,1669,9402,344.0
2018-19,1610612758,Sacramento Kings,82,39,43,0.476,3946.0,3541,7637,927,2455,1354,1865,906,2819,3725,2083,1095.0,679,363,1751,9363,-92.0
2018-19,1610612759,San Antonio Spurs,82,48,34,0.585,3961.0,3468,7248,812,2071,1408,1720,757,2910,3667,2013,992.0,501,386,1487,9156,138.0
2018-19,1610612761,Toronto Raptors,82,58,24,0.707,3976.0,3460,7305,1015,2771,1449,1803,786,2920,3706,2085,1150.0,680,437,1724,9384,499.0
2018-19,1610612762,Utah Jazz,82,50,32,0.61,3951.0,3314,7082,993,2789,1540,2092,820,2981,3801,2133,1240.0,663,483,1728,9161,431.0
2018-19,1610612764,Washington Wizards,82,32,50,0.39,3986.0,3456,7387,930,2731,1508,1963,794,2679,3473,2154,1154.0,683,379,1701,9350,-238.0
2019-20,1610612737,Atlanta Hawks,67,20,47,0.299,3256.0,2723,6067,805,2416,1237,1566,661,2237,2898,1605,1086.0,523,341,1548,7488,-534.0
2019-20,1610612738,Boston Celtics,72,48,24,0.667,3486.0,2971,6448,905,2487,1336,1668,768,2549,3317,1655,995.0,595,406,1553,8183,454.0
2019-20,1610612751,Brooklyn Nets,72,35,37,0.486,3496.0,2908,6498,941,2746,1291,1732,766,2683,3449,1761,1099.0,464,323,1510,8048,-41.0
2019-20,1610612766,Charlotte Hornets,65,23,42,0.354,3150.0,2425,5586,785,2231,1052,1406,715,2066,2781,1549,949.0,428,268,1223,6687,-439.0
2019-20,1610612741,Chicago Bulls,65,22,43,0.338,3135.0,2573,5762,793,2282,1006,1332,680,2041,2721,1510,1005.0,652,265,1417,6945,-200.0
2019-20,1610612739,Cleveland Cavaliers,65,19,46,0.292,3145.0,2619,5715,727,2070,983,1296,704,2172,2876,1500,1073.0,447,211,1188,6948,-513.0
2019-20,1610612742,Dallas Mavericks,75,43,32,0.573,3635.0,3124,6772,1136,3095,1392,1787,791,2729,3520,1849,953.0,460,363,1462,8776,371.0
2019-20,1610612743,Denver Nuggets,73,46,27,0.63,3549.0,3069,6488,801,2234,1185,1526,786,2436,3222,1952,1005.0,586,337,1485,8124,154.0
2019-20,1610612765,Detroit Pistons,66,20,46,0.303,3193.0,2595,5658,791,2157,1097,1476,644,2109,2753,1589,1008.0,490,299,1299,7078,-235.0
2019-20,1610612744,Golden State Warriors,65,15,50,0.231,3145.0,2510,5730,678,2032,1214,1511,647,2138,2785,1663,969.0,534,299,1304,6912,-566.0
2019-20,1610612745,Houston Rockets,72,44,28,0.611,3476.0,2936,6512,1126,3261,1484,1876,704,2484,3188,1557,1057.0,627,371,1566,8482,213.0
2019-20,1610612754,Indiana Pacers,73,45,28,0.616,3524.0,3075,6457,743,2046,1096,1393,636,2489,3125,1888,967.0,543,376,1445,7989,143.0
2019-20,1610612746,LA Clippers,72,49,23,0.681,3476.0,2992,6425,895,2410,1498,1894,767,2664,3431,1708,1051.0,511,338,1594,8377,464.0
2019-20,1610612747,Los Angeles Lakers,71,52,19,0.732,3418.0,3006,6269,782,2242,1260,1728,757,2490,3247,1803,1077.0,612,468,1471,8054,411.0
2019-20,1610612763,Memphis Grizzlies,73,34,39,0.466,3514.0,3106,6634,798,2297,1212,1589,754,2643,3397,1965,1113.0,576,398,1546,8222,-78.0
2019-20,1610612748,Miami Heat,73,44,29,0.603,3549.0,2880,6160,979,2584,1440,1840,620,2619,3239,1892,1088.0,547,332,1501,8179,215.0
2019-20,1610612749,Milwaukee Bucks,73,56,17,0.767,3519.0,3160,6638,1007,2840,1336,1800,691,3083,3774,1889,1102.0,526,429,1431,8663,736.0
2019-20,1610612750,Minnesota Timberwolves,64,19,45,0.297,3112.0,2586,5865,853,2540,1223,1624,675,2193,2868,1525,981.0,555,362,1370,7248,-275.0
2019-20,1610612740,New Orleans Pelicans,72,30,42,0.417,3486.0,3065,6598,982,2656,1229,1687,797,2551,3348,1932,1181.0,539,358,1524,8341,-93.0
2019-20,1610612752,New York Knicks,66,21,45,0.318,3193.0,2638,5896,631,1872,1076,1550,795,2274,3069,1456,946.0,504,313,1464,6983,-426.0
2019-20,1610612760,Oklahoma City Thunder,72,44,28,0.611,3486.0,2879,6156,770,2171,1422,1787,593,2495,3088,1562,986.0,550,353,1390,7950,143.0
2019-20,1610612753,Orlando Magic,73,33,40,0.452,3514.0,2871,6468,807,2354,1282,1656,751,2498,3249,1747,937.0,599,396,1336,7831,-74.0
2019-20,1610612755,Philadelphia 76ers,73,43,30,0.589,3519.0,3000,6417,848,2307,1236,1638,764,2553,3317,1884,1037.0,586,389,1529,8084,174.0
2019-20,1610612756,Phoenix Suns,73,34,39,0.466,3519.0,3006,6429,831,2320,1451,1740,712,2465,3177,1987,1077.0,559,290,1609,8294,16.0
2019-20,1610612757,Portland Trail Blazers,74,35,39,0.473,3567.0,3122,6749,952,2525,1312,1632,754,2599,3353,1525,946.0,465,451,1606,8508,-85.0
2019-20,1610612758,Sacramento Kings,72,31,41,0.431,3491.0,2943,6364,914,2511,1127,1464,695,2372,3067,1713,1043.0,556,293,1595,7927,-147.0
2019-20,1610612759,San Antonio Spurs,71,32,39,0.451,3443.0,2995,6350,760,2021,1348,1664,640,2530,3170,1751,895.0,518,390,1377,8098,-79.0
2019-20,1610612761,Toronto Raptors,72,53,19,0.736,3476.0,2897,6331,995,2663,1329,1670,685,2583,3268,1816,1067.0,636,358,1559,8118,449.0
2019-20,1610612762,Utah Jazz,72,44,28,0.611,3471.0,2886,6130,963,2537,1278,1641,656,2577,3233,1615,1089.0,438,292,1468,8013,178.0
2019-20,1610612764,Washington Wizards,72,25,47,0.347,3471.0,2990,6544,864,2345,1394,1770,732,2295,3027,1801,1020.0,574,309,1634,8238,-336.0
2020-21,1610612737,Atlanta Hawks,72,41,31,0.569,3481.0,2937,6281,895,2402,1417,1745,760,2525,3285,1737,953.0,503,342,1392,8186,167.0
2020-21,1610612738,Boston Celtics,72,36,36,0.5,3476.0,2985,6401,979,2618,1160,1496,765,2421,3186,1689,1012.0,556,383,1471,8109,105.0
2020-21,1610612751,Brooklyn Nets,72,48,24,0.667,3481.0,3106,6289,1020,2600,1305,1623,640,2559,3199,1929,975.0,484,379,1371,8537,324.0
2020-21,1610612766,Charlotte Hornets,72,33,39,0.458,3471.0,2875,6324,985,2666,1146,1505,762,2389,3151,1933,1069.0,565,344,1298,7881,-139.0
2020-21,1610612741,Chicago Bulls,72,31,41,0.431,3476.0,3035,6380,904,2446,995,1258,693,2544,3237,1927,1089.0,482,304,1362,7969,-64.0
2020-21,1610612739,Cleveland Cavaliers,72,22,50,0.306,3486.0,2778,6175,720,2141,1200,1614,751,2327,3078,1716,1114.0,559,325,1308,7476,-608.0
2020-21,1610612742,Dallas Mavericks,72,42,30,0.583,3461.0,2958,6287,994,2744,1186,1524,657,2463,3120,1647,869.0,450,311,1396,8096,163.0
2020-21,1610612743,Denver Nuggets,72,47,25,0.653,3496.0,3114,6422,927,2462,1129,1406,758,2442,3200,1933,972.0,582,323,1374,8284,355.0
2020-21,1610612765,Detroit Pistons,72,20,52,0.278,3486.0,2783,6162,832,2370,1278,1683,694,2381,3075,1743,1075.0,531,371,1477,7676,-322.0
2020-21,1610612744,Golden State Warriors,72,39,33,0.542,3461.0,2973,6347,1048,2789,1193,1520,574,2524,3098,1991,1080.0,587,342,1526,8187,76.0
2020-21,1610612745,Houston Rockets,72,17,55,0.236,3461.0,2826,6372,992,2923,1189,1606,671,2396,3067,1699,1060.0,546,361,1407,7833,-569.0
2020-21,1610612754,Indiana Pacers,72,34,38,0.472,3491.0,3115,6567,889,2445,1183,1493,648,2424,3072,1973,975.0,611,460,1453,8302,-3.0
2020-21,1610612746,LA Clippers,72,47,25,0.653,3456.0,3009,6242,1027,2498,1164,1387,678,2501,3179,1756,949.0,509,295,1383,8209,445.0
2020-21,1610612747,Los Angeles Lakers,72,42,30,0.583,3491.0,2925,6197,796,2248,1241,1679,695,2490,3185,1775,1095.0,562,386,1377,7887,201.0
2020-21,1610612763,Memphis Grizzlies,72,38,34,0.528,3481.0,3085,6608,803,2258,1184,1536,803,2543,3346,1938,957.0,655,364,1349,8157,74.0
2020-21,1610612748,Miami Heat,72,40,32,0.556,3476.0,2824,6029,932,2606,1201,1520,579,2409,2988,1895,1013.0,569,286,1363,7781,2.0
2020-21,1610612749,Milwaukee Bucks,72,46,26,0.639,3466.0,3221,6610,1038,2669,1169,1539,741,2724,3465,1834,995.0,585,334,1244,8649,424.0
2020-21,1610612750,Minnesota Timberwolves,72,23,49,0.319,3481.0,2932,6546,944,2706,1265,1662,757,2376,3133,1846,1027.0,632,398,1507,8073,-400.0
2020-21,1610612740,New Orleans Pelicans,72,31,41,0.431,3486.0,3060,6412,762,2190,1369,1878,845,2568,3413,1872,1052.0,545,315,1295,8251,-21.0
2020-21,1610612752,New York Knicks,72,41,31,0.569,3486.0,2839,6225,847,2163,1181,1506,696,2554,3250,1541,932.0,507,365,1473,7706,166.0
2020-21,1610612760,Oklahoma City Thunder,72,22,50,0.306,3471.0,2795,6338,857,2529,1113,1536,715,2568,3283,1588,1162.0,504,316,1305,7560,-766.0
2020-21,1610612753,Orlando Magic,72,21,51,0.292,3466.0,2754,6423,784,2288,1196,1543,747,2525,3272,1571,924.0,496,318,1237,7488,-670.0
2020-21,1610612755,Philadelphia 76ers,72,49,23,0.681,3486.0,2981,6257,811,2169,1409,1836,722,2522,3244,1706,1040.0,655,447,1456,8182,402.0
2020-21,1610612756,Phoenix Suns,72,51,21,0.708,3496.0,3118,6357,940,2490,1124,1347,630,2462,3092,1939,902.0,517,312,1374,8300,419.0
2020-21,1610612757,Portland Trail Blazers,72,42,30,0.583,3461.0,2973,6558,1132,2939,1282,1558,766,2441,3207,1531,799.0,496,363,1362,8360,129.0
2020-21,1610612758,Sacramento Kings,72,31,41,0.431,3461.0,3067,6382,874,2400,1181,1585,674,2307,2981,1836,963.0,543,358,1400,8189,-265.0
2020-21,1610612759,San Antonio Spurs,72,33,39,0.458,3496.0,3014,6518,716,2046,1254,1584,669,2489,3158,1759,821.0,505,366,1293,7998,-125.0
2020-21,1610612761,Toronto Raptors,72,27,45,0.375,3461.0,2859,6383,1041,2831,1252,1536,680,2314,2994,1735,952.0,618,388,1526,8011,-34.0
2020-21,1610612762,Utah Jazz,72,52,20,0.722,3471.0,2971,6344,1205,3098,1235,1546,765,2709,3474,1703,1023.0,474,371,1335,8382,666.0
2020-21,1610612764,Washington Wizards,72,34,38,0.472,3481.0,3108,6547,733,2088,1449,1884,697,2557,3254,1835,1036.0,528,297,1555,8398,-132.0
2021-22,1610612737,Atlanta Hawks,82,43,39,0.524,3941.0,3401,7241,1056,2821,1485,1829,823,2783,3606,2017,972.0,587,348,1534,9343,128.0
2021-22,1610612738,Boston Celtics,82,51,31,0.622,3981.0,3341,7167,1085,3044,1397,1713,863,2915,3778,2036,1118.0,591,478,1521,9164,597.0
2021-22,1610612751,Brooklyn Nets,82,44,38,0.537,3951.0,3442,7251,940,2602,1434,1781,844,2796,3640,2071,1153.0,582,448,1670,9258,64.0
2021-22,1610612766,Charlotte Hornets,82,43,39,0.524,3976.0,3508,7497,1143,3130,1298,1753,888,2767,3655,2302,1087.0,707,402,1629,9457,36.0
2021-22,1610612741,Chicago Bulls,82,46,36,0.561,3946.0,3422,7127,872,2364,1436,1766,711,2760,3471,1958,1053.0,585,336,1540,9152,-32.0
2021-22,1610612739,Cleveland Cavaliers,82,44,38,0.537,3946.0,3255,6940,953,2686,1376,1810,837,2786,3623,2064,1181.0,580,343,1433,8839,174.0
2021-22,1610612742,Dallas Mavericks,82,52,30,0.634,3951.0,3222,6982,1073,3063,1341,1739,759,2769,3528,1918,1025.0,552,325,1612,8858,271.0
2021-22,1610612743,Denver Nuggets,82,48,34,0.585,3961.0,3416,7079,1039,2944,1372,1725,752,2865,3617,2279,1189.0,592,305,1639,9243,189.0
2021-22,1610612765,Detroit Pistons,82,23,59,0.28,3956.0,3129,7267,925,2838,1413,1806,900,2625,3525,1924,1163.0,630,393,1799,8596,-633.0
2021-22,1610612744,Golden State Warriors,82,53,29,0.646,3946.0,3323,7087,1176,3231,1280,1665,800,2930,3730,2223,1221.0,719,372,1723,9102,454.0
2021-22,1610612745,Houston Rockets,82,20,62,0.244,3951.0,3229,7083,1105,3170,1434,2010,786,2660,3446,1932,1351.0,600,382,1692,8997,-695.0
2021-22,1610612754,Indiana Pacers,82,25,57,0.305,3976.0,3398,7338,997,2899,1347,1754,925,2671,3596,2081,1183.0,582,457,1675,9140,-285.0
2021-22,1610612746,LA Clippers,82,42,40,0.512,3956.0,3285,7170,1047,2802,1273,1606,747,2860,3607,1969,1126.0,608,406,1528,8890,2.0
2021-22,1610612747,Los Angeles Lakers,82,33,49,0.402,3996.0,3415,7279,982,2826,1380,1884,782,2826,3608,1968,1191.0,626,425,1654,9192,-250.0
2021-22,1610612763,Memphis Grizzlies,82,56,26,0.683,3956.0,3571,7739,945,2679,1393,1898,1159,2873,4032,2131,1082.0,800,533,1620,9480,466.0
2021-22,1610612748,Miami Heat,82,53,29,0.646,3971.0,3246,6954,1114,2936,1416,1753,807,2778,3585,2090,1194.0,606,265,1679,9022,365.0
2021-22,1610612749,Milwaukee Bucks,82,51,31,0.622,3951.0,3429,7331,1153,3151,1459,1881,840,2990,3830,1960,1100.0,623,326,1494,9470,275.0
2021-22,1610612750,Minnesota Timberwolves,82,46,36,0.561,3956.0,3411,7458,1211,3386,1474,1894,921,2700,3621,2106,1175.0,721,460,1786,9507,216.0
2021-22,1610612740,New Orleans Pelicans,82,36,46,0.439,3951.0,3294,7212,873,2629,1501,1903,981,2726,3707,2047,1153.0,680,328,1612,8962,-81.0
2021-22,1610612752,New York Knicks,82,37,45,0.451,3956.0,3088,7069,1082,3029,1473,1980,941,2841,3782,1793,1087.0,570,399,1672,8731,-10.0
2021-22,1610612760,Oklahoma City Thunder,82,24,58,0.293,3961.0,3141,7310,991,3066,1233,1632,854,2887,3741,1822,1145.0,622,380,1497,8506,-664.0
2021-22,1610612753,Orlando Magic,82,22,60,0.268,3956.0,3139,7240,999,3022,1270,1614,746,2885,3631,1947,1188.0,555,367,1612,8547,-656.0
2021-22,1610612755,Philadelphia 76ers,82,51,31,0.622,3961.0,3230,6932,950,2608,1605,1955,700,2770,3470,1945,1027.0,633,435,1590,9015,214.0
2021-22,1610612756,Phoenix Suns,82,64,18,0.78,3946.0,3581,7389,951,2616,1303,1635,801,2913,3714,2244,1060.0,702,359,1633,9416,615.0
2021-22,1610612757,Portland Trail Blazers,82,27,55,0.329,3946.0,3161,7144,1043,3017,1346,1771,854,2661,3515,1880,1187.0,657,366,1728,8711,-728.0
2021-22,1610612758,Sacramento Kings,82,30,52,0.366,3961.0,3321,7223,937,2722,1466,1908,784,2737,3521,1943,1156.0,588,369,1552,9045,-448.0
2021-22,1610612759,San Antonio Spurs,82,34,48,0.415,3961.0,3546,7601,925,2626,1262,1673,901,2815,3716,2289,1043.0,626,403,1483,9279,10.0
2021-22,1610612761,Toronto Raptors,82,48,34,0.585,3971.0,3332,7489,979,2808,1327,1749,1095,2622,3717,1809,1021.0,738,376,1607,8970,188.0
2021-22,1610612762,Utah Jazz,82,49,33,0.598,3946.0,3327,7067,1192,3308,1470,1916,884,2916,3800,1836,1148.0,588,402,1547,9316,495.0
2021-22,1610612764,Washington Wizards,82,35,47,0.427,3966.0,3327,7056,860,2512,1393,1778,737,2798,3535,2052,1077.0,522,406,1545,8907,-277.0
2022-23,1610612737,Atlanta Hawks,82,41,41,0.5,3971.0,3658,7574,882,2505,1513,1850,920,2719,3639,2049,1060.0,580,401,1541,9711,24.0
2022-23,1610612738,Boston Celtics,82,57,25,0.695,3996.0,3460,7278,1315,3492,1436,1769,796,2921,3717,2186,1095.0,521,430,1542,9671,535.0
2022-23,1610612751,Brooklyn Nets,82,45,37,0.549,3946.0,3399,6978,1048,2771,1449,1811,674,2648,3322,2093,1127.0,585,506,1730,9295,70.0
2022-23,1610612766,Charlotte Hornets,82,27,55,0.329,3966.0,3385,7413,881,2669,1447,1932,901,2751,3652,2062,1164.0,634,425,1661,9098,-512.0
2022-23,1610612741,Chicago Bulls,82,40,42,0.488,3981.0,3488,7116,854,2367,1446,1788,694,2779,3473,2006,1097.0,644,371,1551,9276,106.0
2022-23,1610612739,Cleveland Cavaliers,82,51,31,0.622,3976.0,3408,6984,950,2589,1439,1844,795,2574,3369,2045,1094.0,586,384,1560,9205,441.0
2022-23,1610612742,Dallas Mavericks,82,38,44,0.463,3986.0,3283,6909,1246,3362,1554,2057,625,2556,3181,1880,1002.0,514,304,1697,9366,6.0
2022-23,1610612743,Denver Nuggets,82,53,29,0.646,3951.0,3574,7088,969,2559,1378,1834,828,2699,3527,2368,1192.0,618,368,1525,9495,273.0
2022-23,1610612765,Detroit Pistons,82,17,65,0.207,3961.0,3244,7140,934,2659,1623,2106,916,2564,3480,1884,1237.0,574,308,1813,9045,-674.0
2022-23,1610612744,Golden State Warriors,82,44,38,0.537,3966.0,3538,7393,1363,3540,1314,1655,864,2793,3657,2446,1336.0,588,324,1756,9753,148.0
2022-23,1610612745,Houston Rockets,82,22,60,0.268,3951.0,3329,7287,856,2619,1567,2078,1100,2695,3795,1835,1332.0,600,374,1679,9081,-644.0
2022-23,1610612754,Indiana Pacers,82,35,47,0.427,3951.0,3444,7345,1112,3030,1535,1944,832,2575,3407,2213,1224.0,631,478,1741,9535,-261.0
2022-23,1610612746,LA Clippers,82,44,38,0.537,3966.0,3370,7060,1041,2734,1533,1962,803,2742,3545,1959,1167.0,580,364,1598,9314,41.0
2022-23,1610612747,Los Angeles Lakers,82,43,39,0.524,3976.0,3516,7298,885,2558,1691,2182,818,2930,3748,2072,1154.0,526,378,1466,9608,47.0
2022-23,1610612763,Memphis Grizzlies,82,51,31,0.622,3956.0,3585,7551,985,2807,1432,1954,988,2835,3823,2135,1116.0,680,473,1643,9587,323.0
2022-23,1610612748,Miami Heat,82,44,38,0.537,3961.0,3215,6991,980,2852,1567,1885,796,2533,3329,1955,1106.0,655,243,1516,8977,-26.0
2022-23,1610612749,Milwaukee Bucks,82,58,24,0.707,3966.0,3504,7411,1217,3306,1364,1837,914,3074,3988,2115,1199.0,521,403,1481,9589,298.0
2022-23,1610612750,Minnesota Timberwolves,82,42,40,0.512,3966.0,3515,7167,997,2731,1467,1942,749,2686,3435,2145,1258.0,657,444,1768,9494,-3.0
2022-23,1610612740,New Orleans Pelicans,82,42,40,0.512,3971.0,3447,7180,899,2468,1585,2000,866,2717,3583,2122,1196.0,681,337,1678,9378,155.0
2022-23,1610612752,New York Knicks,82,47,35,0.573,3991.0,3444,7328,1037,2930,1589,2087,1031,2790,3821,1880,1065.0,527,340,1666,9514,240.0
2022-23,1610612760,Oklahoma City Thunder,82,40,42,0.488,3971.0,3533,7590,995,2797,1572,1944,934,2646,3580,2002,1070.0,676,341,1722,9633,89.0
2022-23,1610612753,Orlando Magic,82,34,48,0.415,3956.0,3323,7074,883,2551,1607,2050,833,2713,3546,1906,1236.0,603,382,1652,9136,-210.0
2022-23,1610612755,Philadelphia 76ers,82,54,28,0.659,3976.0,3347,6870,1035,2675,1719,2058,715,2641,3356,2063,1121.0,635,389,1675,9448,354.0
2022-23,1610612756,Phoenix Suns,82,45,37,0.549,3956.0,3453,7388,1001,2674,1412,1781,971,2657,3628,2235,1110.0,585,432,1739,9319,170.0
2022-23,1610612757,Portland Trail Blazers,82,33,49,0.402,3946.0,3317,7001,1056,2893,1609,2021,774,2551,3325,1981,1185.0,553,376,1643,9299,-329.0
2022-23,1610612758,Sacramento Kings,82,48,34,0.585,3966.0,3573,7232,1128,3060,1624,2055,782,2699,3481,2237,1106.0,574,275,1616,9898,217.0
2022-23,1610612759,San Antonio Spurs,82,22,60,0.268,3971.0,3533,7593,911,2640,1292,1739,965,2619,3584,2232,1253.0,572,322,1630,9269,-823.0
2022-23,1610612761,Toronto Raptors,82,41,41,0.5,3961.0,3434,7489,880,2626,1506,1922,1043,2485,3528,1961,956.0,772,424,1641,9254,121.0
2022-23,1610612762,Utah Jazz,82,37,45,0.451,3961.0,3485,7365,1094,3099,1536,1955,968,2794,3762,2129,1259.0,500,429,1679,9600,-77.0
2022-23,1610612764,Washington Wizards,82,35,47,0.427,3951.0,3456,7127,925,2601,1442,1838,774,2804,3578,2083,1158.0,561,424,1539,9279,-99.0
2023-24,1610612737,Atlanta Hawks,82,36,46,0.439,3971.0,3529,7584,1125,3092,1520,1906,1024,2639,3663,2180,1110.0,615,369,1522,9703,-179.0
2023-24,1610612738,Boston Celtics,82,64,18,0.78,3966.0,3601,7396,1351,3482,1334,1654,876,2923,3799,2207,979.0,557,538,1326,9887,930.0
2023-24,1610612751,Brooklyn Nets,82,32,50,0.39,3961.0,3334,7307,1089,3010,1293,1711,938,2675,3613,2102,1076.0,556,424,1516,9050,-237.0
2023-24,1610612766,Charlotte Hornets,82,21,61,0.256,3946.0,3281,7133,989,2788,1189,1512,765,2538,3303,2033,1129.0,562,371,1472,8740,-840.0
2023-24,1610612741,Chicago Bulls,82,39,43,0.476,3996.0,3448,7339,941,2630,1369,1731,916,2677,3593,2048,1004.0,638,394,1541,9206,-118.0
2023-24,1610612739,Cleveland Cavaliers,82,48,34,0.585,3961.0,3425,7147,1108,3016,1278,1671,807,2742,3549,2299,1112.0,605,380,1436,9236,198.0
2023-24,1610612742,Dallas Mavericks,82,50,32,0.61,3941.0,3535,7352,1197,3242,1397,1842,797,2724,3521,2106,1027.0,563,406,1500,9664,181.0
2023-24,1610612743,Denver Nuggets,82,57,25,0.695,3941.0,3610,7279,958,2560,1240,1628,881,2762,3643,2415,1036.0,585,456,1489,9418,431.0
2023-24,1610612765,Detroit Pistons,82,14,68,0.171,3951.0,3353,7236,906,2602,1398,1780,861,2692,3553,2088,1248.0,531,384,1688,9010,-747.0
2023-24,1610612744,Golden State Warriors,82,46,36,0.561,3966.0,3582,7515,1211,3191,1282,1644,996,2834,3830,2402,1174.0,572,377,1598,9657,214.0
2023-24,1610612745,Houston Rockets,82,41,41,0.5,3971.0,3425,7459,1043,2964,1482,1916,940,2787,3727,2035,1045.0,639,375,1702,9375,92.0
2023-24,1610612754,Indiana Pacers,82,47,35,0.573,3941.0,3855,7599,1082,2891,1318,1685,827,2578,3405,2522,1059.0,631,481,1756,10110,250.0
2023-24,1610612746,LA Clippers,82,51,31,0.622,3941.0,3473,7108,1036,2719,1499,1817,822,2701,3523,2097,1078.0,640,413,1519,9481,269.0
2023-24,1610612747,Los Angeles Lakers,82,47,35,0.573,3971.0,3580,7177,969,2572,1550,1983,676,2859,3535,2340,1146.0,605,453,1283,9679,49.0
2023-24,1610612763,Memphis Grizzlies,82,27,55,0.329,3956.0,3145,7229,1071,3097,1316,1722,896,2598,3494,2025,1236.0,673,501,1563,8677,-574.0
2023-24,1610612748,Miami Heat,82,46,36,0.561,3951.0,3266,7022,1022,2765,1478,1806,766,2702,3468,2116,1038.0,617,280,1415,9032,144.0
2023-24,1610612749,Milwaukee Bucks,82,49,33,0.598,3961.0,3538,7258,1163,3122,1517,1960,772,2850,3622,2176,1059.0,558,413,1574,9756,215.0
2023-24,1610612750,Minnesota Timberwolves,82,56,26,0.683,3961.0,3383,6974,1037,2681,1461,1881,770,2807,3577,2184,1162.0,647,497,1544,9264,529.0
2023-24,1610612740,New Orleans Pelicans,82,49,33,0.598,3941.0,3484,7165,1023,2673,1445,1873,852,2753,3605,2210,1067.0,684,378,1508,9436,362.0
2023-24,1610612752,New York Knicks,82,50,32,0.61,3946.0,3385,7272,1083,2936,1396,1789,1039,2665,3704,1998,1085.0,612,336,1447,9249,376.0
2023-24,1610612760,Oklahoma City Thunder,82,57,25,0.695,3961.0,3653,7324,1090,2805,1451,1759,722,2725,3447,2223,1039.0,694,538,1545,9847,608.0
2023-24,1610612753,Orlando Magic,82,47,35,0.573,3956.0,3318,6964,903,2568,1519,2002,861,2608,3469,2023,1206.0,669,423,1618,9058,166.0
2023-24,1610612755,Philadelphia 76ers,82,47,35,0.573,3956.0,3404,7331,992,2733,1597,1934,906,2616,3522,2041,984.0,694,492,1668,9397,250.0
2023-24,1610612756,Phoenix Suns,82,49,33,0.598,3956.0,3482,7063,1020,2671,1548,1915,831,2783,3614,2218,1221.0,610,492,1475,9532,251.0
2023-24,1610612757,Portland Trail Blazers,82,21,61,0.256,3976.0,3227,7356,939,2723,1329,1680,1036,2469,3505,1894,1249.0,627,354,1654,8722,-740.0
2023-24,1610612758,Sacramento Kings,82,46,36,0.561,3971.0,3553,7455,1178,3219,1274,1710,888,2719,3607,2324,1078.0,625,342,1632,9558,143.0
2023-24,1610612759,San Antonio Spurs,82,22,60,0.268,3966.0,3438,7436,1036,2983,1280,1637,849,2778,3627,2449,1242.0,584,520,1414,9192,-532.0
2023-24,1610612761,Toronto Raptors,82,25,57,0.305,3961.0,3466,7356,942,2712,1339,1772,891,2607,3498,2335,1147.0,634,388,1509,9213,-528.0
2023-24,1610612762,Utah Jazz,82,31,51,0.378,3961.0,3443,7371,1060,2993,1538,1853,1002,2725,3727,2232,1285.0,537,458,1523,9484,-401.0
2023-24,1610612764,Washington Wizards,82,15,67,0.183,3946.0,3523,7493,1015,2915,1266,1657,755,2613,3368,2290,1147.0,623,415,1637,9327,-762.0
2024-25,1610612737,Atlanta Hawks,82,40,42,0.488,3956.0,3556,7528,1107,3089,1472,1900,974,2675,3649,2426,1273.0,798,419,1564,9691,-93.0
2024-25,1610612738,Boston Celtics,82,61,21,0.744,3966.0,3413,7382,1457,3955,1251,1565,933,2783,3716,2144,973.0,589,452,1303,9534,747.0
2024-25,1610612751,Brooklyn Nets,82,26,56,0.317,3956.0,3086,7060,1113,3232,1334,1696,894,2493,3387,2063,1244.0,639,352,1698,8619,-583.0
2024-25,1610612766,Charlotte Hornets,82,19,63,0.232,3951.0,3142,7308,1065,3143,1269,1621,1003,2703,3706,1994,1271.0,607,368,1535,8618,-747.0
2024-25,1610612741,Chicago Bulls,82,39,43,0.476,3951.0,3543,7545,1266,3447,1308,1617,825,2935,3760,2383,1203.0,621,386,1444,9660,-128.0
2024-25,1610612739,Cleveland Cavaliers,82,64,18,0.78,3951.0,3652,7444,1303,3401,1392,1793,917,2806,3723,2304,1082.0,670,350,1487,9999,782.0
2024-25,1610612742,Dallas Mavericks,82,39,43,0.476,3946.0,3443,7194,1020,2801,1458,1894,828,2702,3530,2070,1151.0,636,445,1458,9364,-98.0
2024-25,1610612743,Denver Nuggets,82,50,32,0.61,3971.0,3724,7360,984,2619,1470,1909,919,2832,3751,2542,1169.0,656,402,1444,9902,319.0
2024-25,1610612765,Detroit Pistons,82,44,38,0.537,3961.0,3503,7363,1051,2901,1414,1826,931,2739,3670,2165,1219.0,652,431,1695,9471,156.0
2024-25,1610612744,Golden State Warriors,82,48,34,0.585,3946.0,3342,7412,1264,3475,1383,1811,1029,2692,3721,2386,1152.0,771,391,1571,9331,271.0
2024-25,1610612745,Houston Rockets,82,52,30,0.634,3956.0,3484,7659,1038,2938,1366,1851,1200,2774,3974,1914,1139.0,689,411,1557,9372,370.0
2024-25,1610612754,Indiana Pacers,82,50,32,0.61,3971.0,3574,7326,1081,2934,1395,1768,752,2678,3430,2398,1082.0,694,448,1533,9624,183.0
2024-25,1610612746,LA Clippers,82,50,32,0.61,3961.0,3409,7075,1022,2738,1416,1776,841,2750,3591,2064,1220.0,773,370,1503,9256,382.0
2024-25,1610612747,Los Angeles Lakers,82,50,32,0.61,3946.0,3356,7007,1092,2981,1494,1902,792,2687,3479,2131,1145.0,633,367,1415,9298,100.0
2024-25,1610612763,Memphis Grizzlies,82,48,34,0.585,3941.0,3670,7654,1141,3106,1499,1908,1056,2819,3875,2330,1285.0,726,462,1711,9980,398.0
2024-25,1610612748,Miami Heat,82,37,45,0.451,3986.0,3318,7138,1124,3060,1309,1654,798,2760,3558,2166,1114.0,668,314,1275,9069,46.0
2024-25,1610612749,Milwaukee Bucks,82,48,34,0.585,3951.0,3445,7082,1161,3003,1421,1895,674,2882,3556,2090,1097.0,601,384,1469,9472,203.0
2024-25,1610612750,Minnesota Timberwolves,82,49,33,0.598,3966.0,3364,7182,1233,3269,1411,1789,908,2726,3634,2142,1186.0,654,406,1498,9372,410.0
2024-25,1610612740,New Orleans Pelicans,82,21,61,0.256,3951.0,3332,7368,986,2839,1356,1799,993,2583,3576,2119,1201.0,701,429,1499,9006,-773.0
2024-25,1610612752,New York Knicks,82,51,31,0.622,3976.0,3553,7315,1031,2794,1357,1696,890,2607,3497,2254,1088.0,671,324,1407,9494,336.0
2024-25,1610612760,Oklahoma City Thunder,82,68,14,0.829,3941.0,3660,7600,1192,3184,1369,1672,871,2801,3672,2202,961.0,847,465,1631,9881,1055.0
2024-25,1610612753,Orlando Magic,82,41,41,0.5,3946.0,3130,7034,921,2892,1464,1890,914,2517,3431,1887,1165.0,729,488,1648,8645,-10.0
2024-25,1610612755,Philadelphia 76ers,82,24,58,0.293,3961.0,3254,7168,1041,3050,1439,1844,852,2411,3263,1901,1117.0,752,366,1556,8988,-511.0
2024-25,1610612756,Phoenix Suns,82,36,46,0.439,3966.0,3381,7075,1176,3112,1379,1702,783,2701,3484,2277,1153.0,593,392,1471,9317,-246.0
2024-25,1610612757,Portland Trail Blazers,82,36,46,0.439,3956.0,3325,7396,1057,3095,1386,1820,1095,2576,3671,1952,1309.0,678,433,1558,9093,-244.0
2024-25,1610612758,Sacramento Kings,82,40,42,0.488,3976.0,3529,7385,1032,2887,1400,1738,901,2723,3624,2169,1092.0,620,357,1548,9490,39.0
2024-25,1610612759,San Antonio Spurs,82,34,48,0.415,3946.0,3426,7362,1158,3246,1332,1721,896,2685,3581,2348,1138.0,674,455,1363,9342,-226.0
2024-25,1610612761,Toronto Raptors,82,30,52,0.366,3961.0,3414,7462,969,2786,1294,1729,1034,2666,3700,2340,1257.0,664,348,1738,9091,-352.0
2024-25,1610612762,Utah Jazz,82,17,65,0.207,3961.0,3305,7272,1144,3267,1421,1836,983,2741,3724,2093,1412.0,555,360,1549,9175,-766.0
2024-25,1610612764,Washington Wizards,82,18,64,0.22,3946.0,3233,7371,1075,3210,1315,1690,867,2716,3583,2058,1276.0,623,420,1618,8856,-1020.0
